_id,orderLineId,orderId,productsLines[0].orderLineId,productsLines[1].orderLineId,productsLines[2].orderLineId,productsLines[3].orderLineId,productsLines[4].orderLineId,productsLines[0].productId,productsLines[1].productId,productsLines[2].productId,productsLines[3].productId,productsLines[4].productId,productsLines[0].quantity,productsLines[1].quantity,productsLines[2].quantity,productsLines[3].quantity,productsLines[4].quantity,productsLines[0].originalPrice,productsLines[1].originalPrice,productsLines[2].originalPrice,productsLines[3].originalPrice,productsLines[4].originalPrice,productsLines[0].discountedPrice,productsLines[1].discountedPrice,productsLines[2].discountedPrice,productsLines[3].discountedPrice,productsLines[4].discountedPrice,productsLines[0].discountAmount,productsLines[1].discountAmount,productsLines[2].discountAmount,productsLines[3].discountAmount,productsLines[4].discountAmount,productsLines[0].totalProductPrice,productsLines[1].totalProductPrice,productsLines[2].totalProductPrice,productsLines[3].totalProductPrice,productsLines[4].totalProductPrice
65e723db2b05f3456f8e3fd0,1,1,1,1,1,1,,365,465,121,314,,2,3,5,3,,4.02,6.83,33.49,1.11,,3.22,5.81,30.14,0.78,,20,15,10,30,,6.43,17.42,150.71,2.33,
65e723db2b05f3456f8e3fd1,2,2,2,2,,,,370,184,,,,4,2,,,,49.2,42.34,,,,24.6,38.11,,,,50,10,,,,98.4,76.21,,,
65e723db2b05f3456f8e3fd2,3,3,3,3,3,3,3,1,112,245,409,156,2,5,4,4,3,36.95,49.51,17.04,51.68,43.64,18.48,44.56,8.52,46.51,34.91,50,10,50,10,20,36.95,222.79,34.08,186.05,104.74
65e723db2b05f3456f8e3fd3,4,4,4,4,4,4,4,159,118,134,333,307,2,5,5,5,1,17.99,32.73,68.35,68.19,50.24,13.49,19.64,51.26,54.55,30.14,25,40,25,20,40,26.98,98.19,256.31,272.76,30.14
65e723db2b05f3456f8e3fd4,5,5,5,,,,,260,,,,,1,,,,,79.12,,,,,59.34,,,,,25,,,,,59.34,,,,
65e723db2b05f3456f8e3fd5,6,6,6,6,6,6,6,443,309,383,28,40,1,5,2,4,3,34.51,31.8,85.13,60.83,43.26,27.61,27.03,68.1,36.5,25.96,20,15,20,40,40,27.61,135.15,136.21,145.99,77.87
65e723db2b05f3456f8e3fd6,7,7,7,7,7,7,7,201,303,2,445,296,3,3,1,5,4,57.11,91.09,86.07,59.62,55.58,42.83,74.69,60.25,53.66,38.91,25,18,30,10,30,128.5,224.08,60.25,268.29,155.62
65e723db2b05f3456f8e3fd7,8,8,8,8,8,,,78,161,379,,,1,3,2,,,23.87,98.33,18.76,,,14.32,83.58,15.01,,,40,15,20,,,14.32,250.74,30.02,,
65e723db2b05f3456f8e3fd8,9,9,9,9,9,9,,245,482,210,442,,3,1,4,4,,17.04,16.7,17.38,93.87,,8.52,13.36,15.64,79.79,,50,20,10,15,,25.56,13.36,62.57,319.16,
65e723db2b05f3456f8e3fd9,10,10,10,10,,,,334,298,,,,5,4,,,,91.26,77.14,,,,73.01,38.57,,,,20,50,,,,365.04,154.28,,,
65e723db2b05f3456f8e3fda,11,11,11,11,11,11,,488,12,442,252,,1,3,4,4,,18.7,73.41,93.87,90.12,,9.35,51.39,79.79,85.61,,50,30,15,5,,9.35,154.16,319.16,342.46,
65e723db2b05f3456f8e3fdb,12,12,12,12,,,,341,107,,,,5,4,,,,95,65.9,,,,77.9,42.84,,,,18,35,,,,389.5,171.34,,,
65e723db2b05f3456f8e3fdc,13,13,13,13,,,,171,369,,,,3,3,,,,93.95,25.6,,,,84.56,12.8,,,,10,50,,,,253.67,38.4,,,
65e723db2b05f3456f8e3fdd,14,14,14,14,14,14,14,208,91,94,58,40,3,1,3,2,5,36.38,16.54,99.35,77.85,43.26,18.19,8.27,84.45,62.28,25.96,50,50,15,20,40,54.57,8.27,253.34,124.56,129.78
65e723db2b05f3456f8e3fde,15,15,15,15,,,,312,143,,,,4,3,,,,13.27,41.82,,,,7.96,29.27,,,,40,30,,,,31.85,87.82,,,
65e723db2b05f3456f8e3fdf,16,16,16,,,,,328,,,,,5,,,,,78.41,,,,,39.2,,,,,50,,,,,196.02,,,,
65e723db2b05f3456f8e3fe0,17,17,17,17,17,,,368,469,244,,,4,1,4,,,8.62,95.97,25.41,,,7.33,76.78,21.6,,,15,20,15,,,29.31,76.78,86.39,,
65e723db2b05f3456f8e3fe1,18,18,18,,,,,202,,,,,1,,,,,38.57,,,,,32.78,,,,,15,,,,,32.78,,,,
65e723db2b05f3456f8e3fe2,19,19,19,19,19,19,,74,132,77,226,,2,3,4,2,,85.65,1.66,23.44,65.16,,77.09,1.33,17.58,55.39,,10,20,25,15,,154.17,3.98,70.32,110.77,
65e723db2b05f3456f8e3fe3,20,20,20,20,20,,,86,168,307,,,4,1,5,,,85.71,67.57,50.24,,,77.14,57.43,30.14,,,10,15,40,,,308.56,57.43,150.72,,
65e723db2b05f3456f8e3fe4,21,21,21,21,,,,127,418,,,,4,1,,,,1.86,25.51,,,,1.4,17.86,,,,25,30,,,,5.58,17.86,,,
65e723db2b05f3456f8e3fe5,22,22,22,22,22,22,22,197,239,68,350,432,3,1,3,2,5,67.99,36.8,32.65,30.36,68.79,47.59,25.76,24.49,25.81,34.4,30,30,25,15,50,142.78,25.76,73.46,51.61,171.98
65e723db2b05f3456f8e3fe6,23,23,23,23,23,23,23,57,456,366,494,84,1,5,4,1,5,29.49,82.85,25.4,2.37,56.61,25.07,66.28,22.86,1.9,48.12,15,20,10,20,15,25.07,331.4,91.44,1.9,240.59
65e723db2b05f3456f8e3fe7,24,24,24,,,,,499,,,,,3,,,,,89.88,,,,,76.4,,,,,15,,,,,229.19,,,,
65e723db2b05f3456f8e3fe8,25,25,25,25,25,25,25,346,477,417,193,78,5,3,3,3,5,60.81,44.82,10.59,66.66,23.87,48.65,38.1,9,49.99,14.32,20,15,15,25,40,243.24,114.29,27,149.98,71.61
65e723db2b05f3456f8e3fe9,26,26,26,,,,,418,,,,,5,,,,,25.51,,,,,17.86,,,,,30,,,,,89.28,,,,
65e723db2b05f3456f8e3fea,27,27,27,,,,,399,,,,,2,,,,,36.2,,,,,32.58,,,,,10,,,,,65.16,,,,
65e723db2b05f3456f8e3feb,28,28,28,,,,,342,,,,,2,,,,,83.53,,,,,71,,,,,15,,,,,142,,,,
65e723db2b05f3456f8e3fec,29,29,29,29,,,,241,305,,,,3,3,,,,23,40.62,,,,18.4,34.53,,,,20,15,,,,55.2,103.58,,,
65e723db2b05f3456f8e3fed,30,30,30,,,,,2,,,,,5,,,,,86.07,,,,,60.25,,,,,30,,,,,301.25,,,,
65e723db2b05f3456f8e3fee,31,31,31,31,31,31,31,257,380,148,486,48,4,5,3,5,4,32.1,49.9,62.9,24.68,42.64,27.29,37.42,50.32,20.98,36.24,15,25,20,15,15,109.14,187.13,150.96,104.89,144.98
65e723db2b05f3456f8e3fef,32,32,32,,,,,155,,,,,1,,,,,31.69,,,,,22.18,,,,,30,,,,,22.18,,,,
65e723db2b05f3456f8e3ff0,33,33,33,33,33,33,33,319,292,35,161,41,1,1,4,2,4,11.87,75.17,91.76,98.33,67.86,8.9,63.89,73.41,83.58,40.72,25,15,20,15,40,8.9,63.89,293.63,167.16,162.86
65e723db2b05f3456f8e3ff1,34,34,34,,,,,218,,,,,3,,,,,66.5,,,,,33.25,,,,,50,,,,,99.75,,,,
65e723db2b05f3456f8e3ff2,35,35,35,35,,,,310,465,,,,3,1,,,,77.2,6.83,,,,38.6,5.81,,,,50,15,,,,115.8,5.81,,,
65e723db2b05f3456f8e3ff3,36,36,36,,,,,68,,,,,3,,,,,32.65,,,,,24.49,,,,,25,,,,,73.46,,,,
65e723db2b05f3456f8e3ff4,37,37,37,37,37,37,,322,224,459,177,,2,1,4,4,,44.93,23.12,47.2,23.29,,40.44,19.65,35.4,19.8,,10,15,25,15,,80.87,19.65,141.6,79.19,
65e723db2b05f3456f8e3ff5,38,38,38,,,,,390,,,,,5,,,,,5.32,,,,,3.99,,,,,25,,,,,19.95,,,,
65e723db2b05f3456f8e3ff6,39,39,39,39,39,39,39,50,160,107,260,311,4,4,5,5,3,99.78,74.44,65.9,79.12,79.98,94.79,55.83,42.84,59.34,63.98,5,25,35,25,20,379.16,223.32,214.18,296.7,191.95
65e723db2b05f3456f8e3ff7,40,40,40,40,,,,473,185,,,,1,2,,,,10.36,18.9,,,,8.29,13.23,,,,20,30,,,,8.29,26.46,,,
65e723db2b05f3456f8e3ff8,41,41,41,41,,,,189,264,,,,2,1,,,,81.86,45.32,,,,57.3,31.72,,,,30,30,,,,114.6,31.72,,,
65e723db2b05f3456f8e3ff9,42,42,42,42,42,42,42,320,487,220,111,149,4,5,4,2,5,79.34,48.17,45.28,73.88,97.18,55.54,39.5,27.17,62.8,72.89,30,18,40,15,25,222.15,197.5,108.67,125.6,364.43
65e723db2b05f3456f8e3ffa,43,43,43,43,43,43,,492,188,56,226,,1,5,4,1,,15.68,36.4,34.67,65.16,,12.54,25.48,27.74,55.39,,20,30,20,15,,12.54,127.4,110.94,55.39,
65e723db2b05f3456f8e3ffb,44,44,44,44,44,,,267,491,471,,,3,2,1,,,30.82,48.69,58.93,,,24.66,31.65,50.09,,,20,35,15,,,73.97,63.3,50.09,,
65e723db2b05f3456f8e3ffc,45,45,45,45,45,,,59,226,455,,,3,2,5,,,78.08,65.16,37.99,,,58.56,55.39,26.59,,,25,15,30,,,175.68,110.77,132.97,,
65e723db2b05f3456f8e3ffd,46,46,46,,,,,58,,,,,5,,,,,77.85,,,,,62.28,,,,,20,,,,,311.4,,,,
65e723db2b05f3456f8e3ffe,47,47,47,47,47,,,205,330,64,,,4,2,1,,,66.73,32.7,51.4,,,50.05,24.53,33.41,,,25,25,35,,,200.19,49.05,33.41,,
65e723db2b05f3456f8e3fff,48,48,48,48,48,,,313,386,430,,,5,3,5,,,25.1,23.21,71.23,,,22.59,19.73,60.55,,,10,15,15,,,112.95,59.19,302.73,,
65e723db2b05f3456f8e4000,49,49,49,49,49,49,49,115,437,42,449,47,3,3,1,1,5,35.2,18.89,15.23,4.56,11.3,26.4,16.06,9.14,3.65,9.61,25,15,40,20,15,79.2,48.17,9.14,3.65,48.03
65e723db2b05f3456f8e4001,50,50,50,50,50,50,,140,314,298,72,,4,2,5,2,,2.13,1.11,77.14,71.62,,1.7,0.78,38.57,68.04,,20,30,50,5,,6.82,1.55,192.85,136.08,
65e723db2b05f3456f8e4002,51,51,51,51,51,51,51,193,457,17,96,437,5,1,5,5,1,66.66,78.63,79.63,88.65,18.89,49.99,62.9,63.7,75.35,16.06,25,20,20,15,15,249.97,62.9,318.52,376.76,16.06
65e723db2b05f3456f8e4003,52,52,52,52,,,,321,116,,,,2,1,,,,11.42,62.89,,,,9.14,53.46,,,,20,15,,,,18.27,53.46,,,
65e723db2b05f3456f8e4004,53,53,53,53,53,53,,484,125,496,269,,3,5,1,5,,71.88,48.38,0.16,42.67,,46.72,41.12,0.12,25.6,,35,15,25,40,,140.17,205.62,0.12,128.01,
65e723db2b05f3456f8e4005,54,54,54,,,,,431,,,,,4,,,,,7.21,,,,,3.6,,,,,50,,,,,14.42,,,,
65e723db2b05f3456f8e4006,55,55,55,55,55,55,,316,13,281,294,,3,2,5,1,,99.75,52.87,72.25,15.7,,84.79,34.37,54.19,14.13,,15,35,25,10,,254.36,68.73,270.94,14.13,
65e723db2b05f3456f8e4007,56,56,56,56,56,56,,375,258,177,424,,1,1,1,4,,64.8,0.43,23.29,23.48,,58.32,0.32,19.8,16.44,,10,25,15,30,,58.32,0.32,19.8,65.74,
65e723db2b05f3456f8e4008,57,57,57,57,57,57,57,322,411,77,14,408,1,5,1,2,2,44.93,15.11,23.44,93.53,24.86,40.44,9.82,17.58,84.18,19.89,10,35,25,10,20,40.44,49.11,17.58,168.35,39.78
65e723db2b05f3456f8e4009,58,58,58,58,,,,133,205,,,,3,2,,,,53.16,66.73,,,,34.55,50.05,,,,35,25,,,,103.66,100.09,,,
65e723db2b05f3456f8e400a,59,59,59,59,59,,,99,191,270,,,5,4,2,,,23.08,60.57,80.75,,,19.62,57.54,66.22,,,15,5,18,,,98.09,230.17,132.43,,
65e723db2b05f3456f8e400b,60,60,60,60,60,,,69,222,362,,,1,5,3,,,24.1,5.33,62.9,,,19.28,4.37,37.74,,,20,18,40,,,19.28,21.85,113.22,,
65e723db2b05f3456f8e400c,61,61,61,61,61,,,130,297,22,,,3,3,3,,,33.15,34.39,63.79,,,28.18,29.23,54.22,,,15,15,15,,,84.53,87.69,162.66,,
65e723db2b05f3456f8e400d,62,62,62,62,62,,,65,276,239,,,4,2,3,,,30.34,38.63,36.8,,,18.2,27.04,25.76,,,40,30,30,,,72.82,54.08,77.28,,
65e723db2b05f3456f8e400e,63,63,63,63,63,,,60,136,463,,,1,5,5,,,18.7,70.12,2.89,,,13.09,52.59,2.17,,,30,25,25,,,13.09,262.95,10.84,,
65e723db2b05f3456f8e400f,64,64,64,64,64,,,246,13,13,,,5,1,4,,,4.97,52.87,52.87,,,4.08,34.37,34.37,,,18,35,35,,,20.38,34.37,137.46,,
65e723db2b05f3456f8e4010,65,65,65,65,,,,340,42,,,,4,2,,,,20.58,15.23,,,,18.52,9.14,,,,10,40,,,,74.09,18.28,,,
65e723db2b05f3456f8e4011,66,66,66,66,66,,,114,21,92,,,2,2,4,,,29.57,83.7,71.39,,,19.22,54.41,53.54,,,35,35,25,,,38.44,108.81,214.17,,
65e723db2b05f3456f8e4012,67,67,67,,,,,63,,,,,1,,,,,84.12,,,,,79.91,,,,,5,,,,,79.91,,,,
65e723db2b05f3456f8e4013,68,68,68,68,68,,,422,355,206,,,1,4,4,,,44.19,67.52,65.27,,,26.51,54.02,58.74,,,40,20,10,,,26.51,216.06,234.97,,
65e723db2b05f3456f8e4014,69,69,69,69,,,,319,353,,,,1,2,,,,11.87,4.6,,,,8.9,2.76,,,,25,40,,,,8.9,5.52,,,
65e723db2b05f3456f8e4015,70,70,70,,,,,282,,,,,5,,,,,69.08,,,,,55.26,,,,,20,,,,,276.32,,,,
65e723db2b05f3456f8e4016,71,71,71,71,71,71,71,413,282,80,212,14,5,5,5,4,5,67.98,69.08,11.79,36.31,93.53,50.98,55.26,10.61,29.05,84.18,25,20,10,20,10,254.93,276.32,53.05,116.19,420.89
65e723db2b05f3456f8e4017,72,72,72,72,,,,435,229,,,,2,1,,,,30.3,92.65,,,,25.76,69.49,,,,15,25,,,,51.51,69.49,,,
65e723db2b05f3456f8e4018,73,73,73,73,73,,,326,469,380,,,2,2,2,,,94.61,95.97,49.9,,,85.15,76.78,37.42,,,10,20,25,,,170.3,153.55,74.85,,
65e723db2b05f3456f8e4019,74,74,74,74,74,,,484,285,346,,,1,3,5,,,71.88,0.63,60.81,,,46.72,0.5,48.65,,,35,20,20,,,46.72,1.51,243.24,,
65e723db2b05f3456f8e401a,75,75,75,75,,,,194,230,,,,2,5,,,,18.07,36.93,,,,16.26,22.16,,,,10,40,,,,32.53,110.79,,,
65e723db2b05f3456f8e401b,76,76,76,76,76,76,76,129,229,177,15,35,3,2,5,2,3,51.48,92.65,23.29,96.42,91.76,30.89,69.49,19.8,72.31,73.41,40,25,15,25,20,92.66,138.98,98.98,144.63,220.22
65e723db2b05f3456f8e401c,77,77,77,77,,,,291,88,,,,2,1,,,,43.71,31.34,,,,30.6,18.8,,,,30,40,,,,61.19,18.8,,,
65e723db2b05f3456f8e401d,78,78,78,,,,,12,,,,,4,,,,,73.41,,,,,51.39,,,,,30,,,,,205.55,,,,
65e723db2b05f3456f8e401e,79,79,79,79,,,,165,124,,,,5,4,,,,92.36,27.36,,,,55.42,21.89,,,,40,20,,,,277.08,87.55,,,
65e723db2b05f3456f8e401f,80,80,80,80,80,,,495,45,12,,,2,4,2,,,66.12,29.6,73.41,,,62.81,19.24,51.39,,,5,35,30,,,125.63,76.96,102.77,,
65e723db2b05f3456f8e4020,81,81,81,81,81,81,81,159,405,160,493,202,2,1,3,2,3,17.99,37.45,74.44,75.63,38.57,13.49,30.71,55.83,45.38,32.78,25,18,25,40,15,26.98,30.71,167.49,90.76,98.35
65e723db2b05f3456f8e4021,82,82,82,82,,,,402,170,,,,4,3,,,,88.35,16.83,,,,66.26,11.78,,,,25,30,,,,265.05,35.34,,,
65e723db2b05f3456f8e4022,83,83,83,83,83,83,,84,178,377,333,,2,4,5,2,,56.61,94.11,79.91,68.19,,48.12,84.7,63.93,54.55,,15,10,20,20,,96.24,338.8,319.64,109.1,
65e723db2b05f3456f8e4023,84,84,84,84,84,84,84,291,102,116,311,281,3,1,1,5,2,43.71,75.44,62.89,79.98,72.25,30.6,56.58,53.46,63.98,54.19,30,25,15,20,25,91.79,56.58,53.46,319.92,108.38
65e723db2b05f3456f8e4024,85,85,85,85,,,,231,235,,,,4,4,,,,57.92,78.03,,,,34.75,50.72,,,,40,35,,,,139.01,202.88,,,
65e723db2b05f3456f8e4025,86,86,86,86,86,86,86,49,306,43,92,129,5,4,4,1,4,47.1,61.41,82.48,71.39,51.48,38.62,46.06,65.98,53.54,30.89,18,25,20,25,40,193.11,184.23,263.94,53.54,123.55
65e723db2b05f3456f8e4026,87,87,87,87,87,87,87,360,242,196,474,461,5,3,3,1,2,75.83,39.88,82.65,83.07,51.41,64.46,23.93,49.59,49.84,43.7,15,40,40,40,15,322.28,71.78,148.77,49.84,87.4
65e723db2b05f3456f8e4027,88,88,88,88,88,88,,90,181,186,387,,3,3,5,3,,87.31,79.36,62.41,22.22,,78.58,71.42,56.17,16.66,,10,10,10,25,,235.74,214.27,280.84,49.99,
65e723db2b05f3456f8e4028,89,89,89,89,89,,,326,6,39,,,2,1,1,,,94.61,27.79,20.73,,,85.15,22.23,12.44,,,10,20,40,,,170.3,22.23,12.44,,
65e723db2b05f3456f8e4029,90,90,90,90,90,,,315,147,124,,,5,1,1,,,85.33,4.87,27.36,,,72.53,2.44,21.89,,,15,50,20,,,362.65,2.44,21.89,,
65e723db2b05f3456f8e402a,91,91,91,,,,,209,,,,,2,,,,,92.03,,,,,78.23,,,,,15,,,,,156.45,,,,
65e723db2b05f3456f8e402b,92,92,92,92,92,,,219,129,71,,,3,3,3,,,70.59,51.48,38.85,,,60,30.89,34.97,,,15,40,10,,,180,92.66,104.9,,
65e723db2b05f3456f8e402c,93,93,93,93,93,93,93,61,469,91,28,144,2,2,4,1,2,29.76,95.97,16.54,60.83,52.88,25.3,76.78,8.27,36.5,37.02,15,20,50,40,30,50.59,153.55,33.08,36.5,74.03
65e723db2b05f3456f8e402d,94,94,94,94,94,94,,125,297,352,358,,3,4,1,5,,48.38,34.39,0.21,60.16,,41.12,29.23,0.18,49.33,,15,15,15,18,,123.37,116.93,0.18,246.66,
65e723db2b05f3456f8e402e,95,95,95,95,,,,466,255,,,,3,5,,,,95.63,64.86,,,,78.42,51.89,,,,18,20,,,,235.25,259.44,,,
65e723db2b05f3456f8e402f,96,96,96,96,96,96,,70,172,339,420,,1,5,2,4,,62.34,74.44,53.96,77.48,,52.99,59.55,43.17,61.98,,15,20,20,20,,52.99,297.76,86.34,247.94,
65e723db2b05f3456f8e4030,97,97,97,97,,,,118,296,,,,3,4,,,,32.73,55.58,,,,19.64,38.91,,,,40,30,,,,58.91,155.62,,,
65e723db2b05f3456f8e4031,98,98,98,98,98,,,451,203,26,,,1,5,1,,,82.19,81.05,32.51,,,61.64,72.94,26.01,,,25,10,20,,,61.64,364.72,26.01,,
65e723db2b05f3456f8e4032,99,99,99,99,99,99,,450,480,234,344,,3,1,1,1,,1.19,99.56,98.38,84.88,,0.71,74.67,88.54,50.93,,40,25,10,40,,2.14,74.67,88.54,50.93,
65e723db2b05f3456f8e4033,100,100,100,100,100,,,322,156,250,,,4,3,4,,,44.93,43.64,11.02,,,40.44,34.91,8.82,,,10,20,20,,,161.75,104.74,35.26,,
65e723db2b05f3456f8e4034,101,101,101,101,101,101,,102,326,133,67,,1,4,1,3,,75.44,94.61,53.16,10.75,,56.58,85.15,34.55,6.45,,25,10,35,40,,56.58,340.6,34.55,19.35,
65e723db2b05f3456f8e4035,102,102,102,102,102,102,102,499,498,63,144,381,4,1,5,3,4,89.88,93.24,84.12,52.88,80.89,76.4,74.59,79.91,37.02,52.58,15,20,5,30,35,305.59,74.59,399.57,111.05,210.31
65e723db2b05f3456f8e4036,103,103,103,103,103,,,453,310,222,,,3,5,2,,,5.8,77.2,5.33,,,5.22,38.6,4.37,,,10,50,18,,,15.66,193,8.74,,
65e723db2b05f3456f8e4037,104,104,104,104,104,104,,218,137,146,327,,2,5,4,3,,66.5,15.63,0.95,93.73,,33.25,12.82,0.71,70.3,,50,18,25,25,,66.5,64.08,2.85,210.89,
65e723db2b05f3456f8e4038,105,105,105,105,105,105,105,153,40,346,241,472,1,2,5,5,2,63.48,43.26,60.81,23,20.07,47.61,25.96,48.65,18.4,15.05,25,40,20,20,25,47.61,51.91,243.24,92,30.11
65e723db2b05f3456f8e4039,106,106,106,106,106,,,279,40,6,,,3,4,3,,,91.18,43.26,27.79,,,82.06,25.96,22.23,,,10,40,20,,,246.19,103.82,66.7,,
65e723db2b05f3456f8e403a,107,107,107,,,,,413,,,,,1,,,,,67.98,,,,,50.98,,,,,25,,,,,50.98,,,,
65e723db2b05f3456f8e403b,108,108,108,108,108,,,405,25,174,,,1,3,4,,,37.45,84.4,29.09,,,30.71,71.74,20.36,,,18,15,30,,,30.71,215.22,81.45,,
65e723db2b05f3456f8e403c,109,109,109,,,,,194,,,,,1,,,,,18.07,,,,,16.26,,,,,10,,,,,16.26,,,,
65e723db2b05f3456f8e403d,110,110,110,110,110,110,,294,396,238,253,,4,3,2,4,,15.7,96.54,9.74,6.13,,14.13,72.41,7.3,5.21,,10,25,25,15,,56.52,217.22,14.61,20.84,
65e723db2b05f3456f8e403e,111,111,111,111,111,111,,274,201,156,177,,5,5,2,3,,8.11,57.11,43.64,23.29,,6.08,42.83,34.91,19.8,,25,25,20,15,,30.41,214.16,69.82,59.39,
65e723db2b05f3456f8e403f,112,112,112,,,,,318,,,,,3,,,,,56.73,,,,,48.22,,,,,15,,,,,144.66,,,,
65e723db2b05f3456f8e4040,113,113,113,113,113,,,485,370,271,,,2,3,3,,,14.66,49.2,77.55,,,12.46,24.6,69.8,,,15,50,10,,,24.92,73.8,209.38,,
65e723db2b05f3456f8e4041,114,114,114,114,114,114,,121,395,24,97,,1,1,3,1,,33.49,4.55,40.44,24.53,,30.14,4.09,32.35,20.85,,10,10,20,15,,30.14,4.09,97.06,20.85,
65e723db2b05f3456f8e4042,115,115,115,115,115,115,115,356,300,139,484,197,5,5,2,5,4,0.73,53.11,24.53,71.88,67.99,0.47,39.83,20.85,46.72,47.59,35,25,15,35,30,2.37,199.16,41.7,233.61,190.37
65e723db2b05f3456f8e4043,116,116,116,116,116,116,,16,455,250,434,,1,4,1,3,,3.71,37.99,11.02,71.41,,2.97,26.59,8.82,57.13,,20,30,20,20,,2.97,106.37,8.82,171.38,
65e723db2b05f3456f8e4044,117,117,117,,,,,15,,,,,2,,,,,96.42,,,,,72.31,,,,,25,,,,,144.63,,,,
65e723db2b05f3456f8e4045,118,118,118,118,,,,84,427,,,,2,2,,,,56.61,61.05,,,,48.12,48.84,,,,15,20,,,,96.24,97.68,,,
65e723db2b05f3456f8e4046,119,119,119,,,,,285,,,,,5,,,,,0.63,,,,,0.5,,,,,20,,,,,2.52,,,,
65e723db2b05f3456f8e4047,120,120,120,120,,,,247,12,,,,1,2,,,,36.88,73.41,,,,29.5,51.39,,,,20,30,,,,29.5,102.77,,,
65e723db2b05f3456f8e4048,121,121,121,121,121,,,263,291,314,,,2,3,1,,,23.94,43.71,1.11,,,19.15,30.6,0.78,,,20,30,30,,,38.3,91.79,0.78,,
65e723db2b05f3456f8e4049,122,122,122,122,122,122,122,111,137,493,132,326,3,3,4,3,2,73.88,15.63,75.63,1.66,94.61,62.8,12.82,45.38,1.33,85.15,15,18,40,20,10,188.39,38.45,181.51,3.98,170.3
65e723db2b05f3456f8e404a,123,123,123,123,123,,,70,268,406,,,3,2,3,,,62.34,66.6,52.01,,,52.99,56.61,44.21,,,15,15,15,,,158.97,113.22,132.63,,
65e723db2b05f3456f8e404b,124,124,124,,,,,148,,,,,3,,,,,62.9,,,,,50.32,,,,,20,,,,,150.96,,,,
65e723db2b05f3456f8e404c,125,125,125,125,,,,218,128,,,,4,1,,,,66.5,6.18,,,,33.25,4.33,,,,50,30,,,,133,4.33,,,
65e723db2b05f3456f8e404d,126,126,126,126,126,126,,181,355,109,22,,5,1,5,5,,79.36,67.52,4.87,63.79,,71.42,54.02,4.38,54.22,,10,20,10,15,,357.12,54.02,21.91,271.11,
65e723db2b05f3456f8e404e,127,127,127,127,,,,12,193,,,,4,5,,,,73.41,66.66,,,,51.39,49.99,,,,30,25,,,,205.55,249.97,,,
65e723db2b05f3456f8e404f,128,128,128,,,,,122,,,,,2,,,,,76.71,,,,,53.7,,,,,30,,,,,107.39,,,,
65e723db2b05f3456f8e4050,129,129,129,129,129,,,140,419,3,,,5,5,5,,,2.13,80.94,77.98,,,1.7,60.7,66.28,,,20,25,15,,,8.52,303.52,331.42,,
65e723db2b05f3456f8e4051,130,130,130,,,,,379,,,,,3,,,,,18.76,,,,,15.01,,,,,20,,,,,45.02,,,,
65e723db2b05f3456f8e4052,131,131,131,131,131,131,131,244,288,416,385,255,5,5,4,2,1,25.41,83.05,11.99,21.89,64.86,21.6,78.9,9.59,19.7,51.89,15,5,20,10,20,107.99,394.49,38.37,39.4,51.89
65e723db2b05f3456f8e4053,132,132,132,132,,,,434,52,,,,1,4,,,,71.41,23.05,,,,57.13,18.44,,,,20,20,,,,57.13,73.76,,,
65e723db2b05f3456f8e4054,133,133,133,133,133,,,128,251,103,,,1,3,2,,,6.18,58.07,16.61,,,4.33,49.36,13.29,,,30,15,20,,,4.33,148.08,26.58,,
65e723db2b05f3456f8e4055,134,134,134,134,134,,,157,419,140,,,4,2,4,,,5.72,80.94,2.13,,,3.43,60.7,1.7,,,40,25,20,,,13.73,121.41,6.82,,
65e723db2b05f3456f8e4056,135,135,135,135,,,,436,179,,,,3,3,,,,99.41,22.9,,,,89.47,18.32,,,,10,20,,,,268.41,54.96,,,
65e723db2b05f3456f8e4057,136,136,136,136,136,136,136,296,311,179,152,376,2,1,1,5,4,55.58,79.98,22.9,4.8,99.06,38.91,63.98,18.32,4.56,84.2,30,20,20,5,15,77.81,63.98,18.32,22.8,336.8
65e723db2b05f3456f8e4058,137,137,137,,,,,281,,,,,4,,,,,72.25,,,,,54.19,,,,,25,,,,,216.75,,,,
65e723db2b05f3456f8e4059,138,138,138,138,138,,,172,24,243,,,4,2,3,,,74.44,40.44,42.93,,,59.55,32.35,25.76,,,20,20,40,,,238.21,64.7,77.27,,
65e723db2b05f3456f8e405a,139,139,139,139,,,,95,102,,,,1,2,,,,89.05,75.44,,,,80.14,56.58,,,,10,25,,,,80.14,113.16,,,
65e723db2b05f3456f8e405b,140,140,140,,,,,51,,,,,1,,,,,82.36,,,,,65.89,,,,,20,,,,,65.89,,,,
65e723db2b05f3456f8e405c,141,141,141,141,,,,179,494,,,,3,3,,,,22.9,2.37,,,,18.32,1.9,,,,20,20,,,,54.96,5.69,,,
65e723db2b05f3456f8e405d,142,142,142,142,142,142,142,185,243,166,65,14,2,5,5,3,1,18.9,42.93,31.7,30.34,93.53,13.23,25.76,25.36,18.2,84.18,30,40,20,40,10,26.46,128.79,126.8,54.61,84.18
65e723db2b05f3456f8e405e,143,143,143,143,143,143,143,177,335,64,5,456,3,5,4,1,4,23.29,47.95,51.4,36.99,82.85,19.8,31.17,33.41,29.59,66.28,15,35,35,20,20,59.39,155.84,133.64,29.59,265.12
65e723db2b05f3456f8e405f,144,144,144,,,,,295,,,,,2,,,,,55.39,,,,,41.54,,,,,25,,,,,83.09,,,,
65e723db2b05f3456f8e4060,145,145,145,145,145,145,,323,362,339,329,,1,3,2,4,,43.63,62.9,53.96,63.51,,37.09,37.74,43.17,50.81,,15,40,20,20,,37.09,113.22,86.34,203.23,
65e723db2b05f3456f8e4061,146,146,146,,,,,396,,,,,2,,,,,96.54,,,,,72.41,,,,,25,,,,,144.81,,,,
65e723db2b05f3456f8e4062,147,147,147,147,,,,101,403,,,,3,1,,,,87.87,51.48,,,,70.3,46.33,,,,20,10,,,,210.89,46.33,,,
65e723db2b05f3456f8e4063,148,148,148,148,148,148,,395,460,74,255,,3,5,1,5,,4.55,53.87,85.65,64.86,,4.09,45.79,77.09,51.89,,10,15,10,20,,12.29,228.95,77.09,259.44,
65e723db2b05f3456f8e4064,149,149,149,149,149,,,465,238,180,,,5,2,4,,,6.83,9.74,68.69,,,5.81,7.3,61.82,,,15,25,10,,,29.03,14.61,247.28,,
65e723db2b05f3456f8e4065,150,150,150,150,150,,,139,107,462,,,3,4,1,,,24.53,65.9,87.04,,,20.85,42.84,69.63,,,15,35,20,,,62.55,171.34,69.63,,
65e723db2b05f3456f8e4066,151,151,151,151,,,,35,375,,,,5,1,,,,91.76,64.8,,,,73.41,58.32,,,,20,10,,,,367.04,58.32,,,
65e723db2b05f3456f8e4067,152,152,152,152,152,152,152,130,458,217,334,246,4,3,4,2,3,33.15,9.33,56.68,91.26,4.97,28.18,7.93,42.51,73.01,4.08,15,15,25,20,18,112.71,23.79,170.04,146.02,12.23
65e723db2b05f3456f8e4068,153,153,153,153,,,,351,499,,,,5,1,,,,11.99,89.88,,,,9.59,76.4,,,,20,15,,,,47.96,76.4,,,
65e723db2b05f3456f8e4069,154,154,154,,,,,402,,,,,5,,,,,88.35,,,,,66.26,,,,,25,,,,,331.31,,,,
65e723db2b05f3456f8e406a,155,155,155,155,,,,15,499,,,,5,1,,,,96.42,89.88,,,,72.31,76.4,,,,25,15,,,,361.57,76.4,,,
65e723db2b05f3456f8e406b,156,156,156,156,156,156,,76,224,209,55,,4,5,4,2,,39.38,23.12,92.03,85.37,,27.57,19.65,78.23,59.76,,30,15,15,30,,110.26,98.26,312.9,119.52,
65e723db2b05f3456f8e406c,157,157,157,,,,,157,,,,,4,,,,,5.72,,,,,3.43,,,,,40,,,,,13.73,,,,
65e723db2b05f3456f8e406d,158,158,158,,,,,174,,,,,4,,,,,29.09,,,,,20.36,,,,,30,,,,,81.45,,,,
65e723db2b05f3456f8e406e,159,159,159,,,,,444,,,,,3,,,,,92.97,,,,,74.38,,,,,20,,,,,223.13,,,,
65e723db2b05f3456f8e406f,160,160,160,160,160,,,138,434,125,,,2,2,5,,,3.11,71.41,48.38,,,2.49,57.13,41.12,,,20,20,15,,,4.98,114.26,205.62,,
65e723db2b05f3456f8e4070,161,161,161,161,161,,,30,285,440,,,5,5,2,,,9.38,0.63,31.92,,,8.44,0.5,25.54,,,10,20,20,,,42.21,2.52,51.07,,
65e723db2b05f3456f8e4071,162,162,162,162,162,,,466,227,420,,,4,2,2,,,95.63,25.03,77.48,,,78.42,22.53,61.98,,,18,10,20,,,313.67,45.05,123.97,,
65e723db2b05f3456f8e4072,163,163,163,163,163,163,,195,194,393,358,,5,5,4,3,,6.91,18.07,10.05,60.16,,5.53,16.26,8.04,49.33,,20,10,20,18,,27.64,81.32,32.16,147.99,
65e723db2b05f3456f8e4073,164,164,164,164,,,,380,42,,,,2,4,,,,49.9,15.23,,,,37.42,9.14,,,,25,40,,,,74.85,36.55,,,
65e723db2b05f3456f8e4074,165,165,165,165,165,165,165,394,200,360,170,314,1,1,2,1,4,72.01,52.28,75.83,16.83,1.11,68.41,44.44,64.46,11.78,0.78,5,15,15,30,30,68.41,44.44,128.91,11.78,3.11
65e723db2b05f3456f8e4075,166,166,166,166,166,166,,474,45,175,321,,1,5,5,4,,83.07,29.6,78.13,11.42,,49.84,19.24,54.69,9.14,,40,35,30,20,,49.84,96.2,273.46,36.54,
65e723db2b05f3456f8e4076,167,167,167,167,167,167,,141,209,173,427,,3,4,3,3,,66.4,92.03,68.26,61.05,,54.45,78.23,64.85,48.84,,18,15,5,20,,163.34,312.9,194.54,146.52,
65e723db2b05f3456f8e4077,168,168,168,168,,,,158,269,,,,3,4,,,,96.12,42.67,,,,57.67,25.6,,,,40,40,,,,173.02,102.41,,,
65e723db2b05f3456f8e4078,169,169,169,,,,,85,,,,,4,,,,,16.96,,,,,14.42,,,,,15,,,,,57.66,,,,
65e723db2b05f3456f8e4079,170,170,170,170,170,170,170,490,385,165,119,188,3,4,2,3,4,1.88,21.89,92.36,98.2,36.4,1.5,19.7,55.42,88.38,25.48,20,10,40,10,30,4.51,78.8,110.83,265.14,101.92
65e723db2b05f3456f8e407a,171,171,171,171,171,171,,21,199,157,352,,1,1,2,3,,83.7,56.39,5.72,0.21,,54.41,42.29,3.43,0.18,,35,25,40,15,,54.41,42.29,6.86,0.54,
65e723db2b05f3456f8e407b,172,172,172,172,172,,,370,275,310,,,5,4,2,,,49.2,64.61,77.2,,,24.6,58.15,38.6,,,50,10,50,,,123,232.6,77.2,,
65e723db2b05f3456f8e407c,173,173,173,,,,,295,,,,,3,,,,,55.39,,,,,41.54,,,,,25,,,,,124.63,,,,
65e723db2b05f3456f8e407d,174,174,174,174,174,,,99,49,321,,,2,1,5,,,23.08,47.1,11.42,,,19.62,38.62,9.14,,,15,18,20,,,39.24,38.62,45.68,,
65e723db2b05f3456f8e407e,175,175,175,,,,,213,,,,,1,,,,,3.18,,,,,2.86,,,,,10,,,,,2.86,,,,
65e723db2b05f3456f8e407f,176,176,176,,,,,437,,,,,1,,,,,18.89,,,,,16.06,,,,,15,,,,,16.06,,,,
65e723db2b05f3456f8e4080,177,177,177,,,,,23,,,,,3,,,,,27.02,,,,,18.91,,,,,30,,,,,56.74,,,,
65e723db2b05f3456f8e4081,178,178,178,178,178,178,,461,484,8,390,,1,3,2,3,,51.41,71.88,19.4,5.32,,43.7,46.72,9.7,3.99,,15,35,50,25,,43.7,140.17,19.4,11.97,
65e723db2b05f3456f8e4082,179,179,179,179,179,179,,399,160,272,86,,5,3,5,3,,36.2,74.44,21.72,85.71,,32.58,55.83,14.12,77.14,,10,25,35,10,,162.9,167.49,70.59,231.42,
65e723db2b05f3456f8e4083,180,180,180,180,180,180,180,397,85,412,6,75,4,4,4,1,3,14.8,16.96,93.65,27.79,92.55,11.1,14.42,79.6,22.23,69.41,25,15,15,20,25,44.4,57.66,318.41,22.23,208.24
65e723db2b05f3456f8e4084,181,181,181,181,181,181,,96,183,473,285,,1,2,5,1,,88.65,50.98,10.36,0.63,,75.35,48.43,8.29,0.5,,15,5,20,20,,75.35,96.86,41.44,0.5,
65e723db2b05f3456f8e4085,182,182,182,,,,,295,,,,,3,,,,,55.39,,,,,41.54,,,,,25,,,,,124.63,,,,
65e723db2b05f3456f8e4086,183,183,183,183,183,183,,345,95,493,45,,2,5,3,3,,75.15,89.05,75.63,29.6,,56.36,80.14,45.38,19.24,,25,10,40,35,,112.73,400.72,136.13,57.72,
65e723db2b05f3456f8e4087,184,184,184,184,,,,480,143,,,,2,1,,,,99.56,41.82,,,,74.67,29.27,,,,25,30,,,,149.34,29.27,,,
65e723db2b05f3456f8e4088,185,185,185,185,,,,210,346,,,,2,4,,,,17.38,60.81,,,,15.64,48.65,,,,10,20,,,,31.28,194.59,,,
65e723db2b05f3456f8e4089,186,186,186,186,186,,,474,291,455,,,3,2,5,,,83.07,43.71,37.99,,,49.84,30.6,26.59,,,40,30,30,,,149.53,61.19,132.97,,
65e723db2b05f3456f8e408a,187,187,187,187,,,,263,472,,,,2,2,,,,23.94,20.07,,,,19.15,15.05,,,,20,25,,,,38.3,30.11,,,
65e723db2b05f3456f8e408b,188,188,188,188,188,,,334,491,185,,,5,2,2,,,91.26,48.69,18.9,,,73.01,31.65,13.23,,,20,35,30,,,365.04,63.3,26.46,,
65e723db2b05f3456f8e408c,189,189,189,,,,,78,,,,,2,,,,,23.87,,,,,14.32,,,,,40,,,,,28.64,,,,
65e723db2b05f3456f8e408d,190,190,190,190,,,,293,179,,,,3,5,,,,27.59,22.9,,,,20.69,18.32,,,,25,20,,,,62.08,91.6,,,
65e723db2b05f3456f8e408e,191,191,191,191,,,,366,252,,,,2,1,,,,25.4,90.12,,,,22.86,85.61,,,,10,5,,,,45.72,85.61,,,
65e723db2b05f3456f8e408f,192,192,192,192,,,,30,426,,,,4,1,,,,9.38,30.17,,,,8.44,25.64,,,,10,15,,,,33.77,25.64,,,
65e723db2b05f3456f8e4090,193,193,193,193,193,193,,452,212,365,186,,1,3,3,2,,89.9,36.31,4.02,62.41,,80.91,29.05,3.22,56.17,,10,20,20,10,,80.91,87.14,9.65,112.34,
65e723db2b05f3456f8e4091,194,194,194,194,194,194,194,350,58,185,70,160,1,5,2,4,2,30.36,77.85,18.9,62.34,74.44,25.81,62.28,13.23,52.99,55.83,15,20,30,15,25,25.81,311.4,26.46,211.96,111.66
65e723db2b05f3456f8e4092,195,195,195,195,195,,,340,438,160,,,1,1,3,,,20.58,73.6,74.44,,,18.52,51.52,55.83,,,10,30,25,,,18.52,51.52,167.49,,
65e723db2b05f3456f8e4093,196,196,196,196,196,,,69,189,155,,,5,2,2,,,24.1,81.86,31.69,,,19.28,57.3,22.18,,,20,30,30,,,96.4,114.6,44.37,,
65e723db2b05f3456f8e4094,197,197,197,197,197,197,197,326,78,372,269,458,5,4,1,3,5,94.61,23.87,20.43,42.67,9.33,85.15,14.32,14.3,25.6,7.93,10,40,30,40,15,425.75,57.29,14.3,76.81,39.65
65e723db2b05f3456f8e4095,198,198,198,,,,,179,,,,,5,,,,,22.9,,,,,18.32,,,,,20,,,,,91.6,,,,
65e723db2b05f3456f8e4096,199,199,199,199,199,,,475,117,381,,,4,2,5,,,83.4,28.08,80.89,,,68.39,23.87,52.58,,,18,15,35,,,273.55,47.74,262.89,,
65e723db2b05f3456f8e4097,200,200,200,200,200,,,195,242,411,,,4,1,2,,,6.91,39.88,15.11,,,5.53,23.93,9.82,,,20,40,35,,,22.11,23.93,19.64,,
65e723db2b05f3456f8e4098,201,201,201,201,201,201,,395,115,361,392,,5,1,3,1,,4.55,35.2,99.08,26.78,,4.09,26.4,69.36,13.39,,10,25,30,50,,20.47,26.4,208.07,13.39,
65e723db2b05f3456f8e4099,202,202,202,202,202,,,25,260,399,,,5,4,4,,,84.4,79.12,36.2,,,71.74,59.34,32.58,,,15,25,10,,,358.7,237.36,130.32,,
65e723db2b05f3456f8e409a,203,203,203,203,203,203,,57,450,481,213,,3,5,5,4,,29.49,1.19,40.43,3.18,,25.07,0.71,28.3,2.86,,15,40,30,10,,75.2,3.57,141.5,11.45,
65e723db2b05f3456f8e409b,204,204,204,204,,,,44,319,,,,3,5,,,,61.17,11.87,,,,55.05,8.9,,,,10,25,,,,165.16,44.51,,,
65e723db2b05f3456f8e409c,205,205,205,205,,,,410,402,,,,3,1,,,,78.5,88.35,,,,64.37,66.26,,,,18,25,,,,193.11,66.26,,,
65e723db2b05f3456f8e409d,206,206,206,,,,,408,,,,,4,,,,,24.86,,,,,19.89,,,,,20,,,,,79.55,,,,
65e723db2b05f3456f8e409e,207,207,207,207,207,,,425,360,472,,,2,2,3,,,70.98,75.83,20.07,,,42.59,64.46,15.05,,,40,15,25,,,85.18,128.91,45.16,,
65e723db2b05f3456f8e409f,208,208,208,208,208,208,,4,443,423,414,,2,3,4,5,,40.51,34.51,63.25,64.3,,34.43,27.61,60.09,41.8,,15,20,5,35,,68.87,82.82,240.35,208.98,
65e723db2b05f3456f8e40a0,209,209,209,209,209,209,209,293,131,433,490,470,4,1,4,4,4,27.59,85.91,15.69,1.88,64.57,20.69,64.43,11.77,1.5,38.74,25,25,25,20,40,82.77,64.43,47.07,6.02,154.97
65e723db2b05f3456f8e40a1,210,210,210,,,,,258,,,,,5,,,,,0.43,,,,,0.32,,,,,25,,,,,1.61,,,,
65e723db2b05f3456f8e40a2,211,211,211,211,211,,,218,416,90,,,2,1,3,,,66.5,11.99,87.31,,,33.25,9.59,78.58,,,50,20,10,,,66.5,9.59,235.74,,
65e723db2b05f3456f8e40a3,212,212,212,212,,,,332,460,,,,4,2,,,,75.25,53.87,,,,61.7,45.79,,,,18,15,,,,246.82,91.58,,,
65e723db2b05f3456f8e40a4,213,213,213,,,,,228,,,,,2,,,,,11.77,,,,,9.42,,,,,20,,,,,18.83,,,,
65e723db2b05f3456f8e40a5,214,214,214,214,214,,,205,16,498,,,2,3,5,,,66.73,3.71,93.24,,,50.05,2.97,74.59,,,25,20,20,,,100.09,8.9,372.96,,
65e723db2b05f3456f8e40a6,215,215,215,215,,,,438,176,,,,5,3,,,,73.6,99.09,,,,51.52,59.45,,,,30,40,,,,257.6,178.36,,,
65e723db2b05f3456f8e40a7,216,216,216,216,216,216,216,177,398,175,266,20,1,1,4,2,4,23.29,68.55,78.13,2.15,48.56,19.8,58.27,54.69,1.93,36.42,15,15,30,10,25,19.8,58.27,218.76,3.87,145.68
65e723db2b05f3456f8e40a8,217,217,217,,,,,468,,,,,2,,,,,73.12,,,,,62.15,,,,,15,,,,,124.3,,,,
65e723db2b05f3456f8e40a9,218,218,218,,,,,330,,,,,3,,,,,32.7,,,,,24.53,,,,,25,,,,,73.58,,,,
65e723db2b05f3456f8e40aa,219,219,219,,,,,167,,,,,2,,,,,98.52,,,,,68.96,,,,,30,,,,,137.93,,,,
65e723db2b05f3456f8e40ab,220,220,220,220,220,220,,79,111,476,117,,4,1,4,2,,84.15,73.88,5.63,28.08,,58.91,62.8,3.38,23.87,,30,15,40,15,,235.62,62.8,13.51,47.74,
65e723db2b05f3456f8e40ac,221,221,221,221,221,221,,383,63,277,334,,4,5,1,1,,85.13,84.12,73.74,91.26,,68.1,79.91,58.99,73.01,,20,5,20,20,,272.42,399.57,58.99,73.01,
65e723db2b05f3456f8e40ad,222,222,222,222,222,222,222,390,201,249,181,382,3,5,2,3,1,5.32,57.11,1.76,79.36,1.06,3.99,42.83,1.23,71.42,0.85,25,25,30,10,20,11.97,214.16,2.46,214.27,0.85
65e723db2b05f3456f8e40ae,223,223,223,223,223,,,436,236,418,,,4,2,5,,,99.41,35.85,25.51,,,89.47,25.09,17.86,,,10,30,30,,,357.88,50.19,89.28,,
65e723db2b05f3456f8e40af,224,224,224,,,,,102,,,,,2,,,,,75.44,,,,,56.58,,,,,25,,,,,113.16,,,,
65e723db2b05f3456f8e40b0,225,225,225,225,225,,,259,313,246,,,5,2,4,,,81.82,25.1,4.97,,,67.09,22.59,4.08,,,18,10,18,,,335.46,45.18,16.3,,
65e723db2b05f3456f8e40b1,226,226,226,226,,,,306,438,,,,5,1,,,,61.41,73.6,,,,46.06,51.52,,,,25,30,,,,230.29,51.52,,,
65e723db2b05f3456f8e40b2,227,227,227,227,227,227,227,119,304,356,373,388,5,5,2,5,1,98.2,79.75,0.73,65.84,11.41,88.38,71.78,0.47,55.96,10.27,10,10,35,15,10,441.9,358.88,0.95,279.82,10.27
65e723db2b05f3456f8e40b3,228,228,228,228,228,228,,92,332,228,252,,1,2,5,5,,71.39,75.25,11.77,90.12,,53.54,61.7,9.42,85.61,,25,18,20,5,,53.54,123.41,47.08,428.07,
65e723db2b05f3456f8e40b4,229,229,229,229,229,229,,18,458,185,117,,4,1,1,5,,69.85,9.33,18.9,28.08,,59.37,7.93,13.23,23.87,,15,15,30,15,,237.49,7.93,13.23,119.34,
65e723db2b05f3456f8e40b5,230,230,230,230,230,,,311,444,28,,,4,3,5,,,79.98,92.97,60.83,,,63.98,74.38,36.5,,,20,20,40,,,255.94,223.13,182.49,,
65e723db2b05f3456f8e40b6,231,231,231,231,,,,14,330,,,,3,2,,,,93.53,32.7,,,,84.18,24.53,,,,10,25,,,,252.53,49.05,,,
65e723db2b05f3456f8e40b7,232,232,232,232,232,,,13,201,429,,,4,1,2,,,52.87,57.11,51.23,,,34.37,42.83,42.01,,,35,25,18,,,137.46,42.83,84.02,,
65e723db2b05f3456f8e40b8,233,233,233,233,233,,,495,449,117,,,5,1,2,,,66.12,4.56,28.08,,,62.81,3.65,23.87,,,5,20,15,,,314.07,3.65,47.74,,
65e723db2b05f3456f8e40b9,234,234,234,234,234,234,,202,220,121,321,,2,2,1,5,,38.57,45.28,33.49,11.42,,32.78,27.17,30.14,9.14,,15,40,10,20,,65.57,54.34,30.14,45.68,
65e723db2b05f3456f8e40ba,235,235,235,235,235,235,235,228,346,3,187,452,4,2,3,3,5,11.77,60.81,77.98,54.09,89.9,9.42,48.65,66.28,43.27,80.91,20,20,15,20,10,37.66,97.3,198.85,129.82,404.55
65e723db2b05f3456f8e40bb,236,236,236,236,236,,,45,292,301,,,3,4,4,,,29.6,75.17,15.35,,,19.24,63.89,10.74,,,35,15,30,,,57.72,255.58,42.98,,
65e723db2b05f3456f8e40bc,237,237,237,237,237,,,331,404,475,,,1,4,3,,,62.08,97.13,83.4,,,52.77,79.65,68.39,,,15,18,18,,,52.77,318.59,205.16,,
65e723db2b05f3456f8e40bd,238,238,238,238,238,238,238,431,162,35,396,228,4,2,4,5,3,7.21,1.67,91.76,96.54,11.77,3.6,1.34,73.41,72.41,9.42,50,20,20,25,20,14.42,2.67,293.63,362.02,28.25
65e723db2b05f3456f8e40be,239,239,239,239,239,,,27,235,241,,,5,2,3,,,80.71,78.03,23,,,72.64,50.72,18.4,,,10,35,20,,,363.19,101.44,55.2,,
65e723db2b05f3456f8e40bf,240,240,240,,,,,471,,,,,2,,,,,58.93,,,,,50.09,,,,,15,,,,,100.18,,,,
65e723db2b05f3456f8e40c0,241,241,241,241,,,,167,418,,,,2,5,,,,98.52,25.51,,,,68.96,17.86,,,,30,30,,,,137.93,89.28,,,
65e723db2b05f3456f8e40c1,242,242,242,242,242,242,,246,8,405,442,,1,5,1,3,,4.97,19.4,37.45,93.87,,4.08,9.7,30.71,79.79,,18,50,18,15,,4.08,48.5,30.71,239.37,
65e723db2b05f3456f8e40c2,243,243,243,243,243,243,243,83,392,177,411,28,3,1,2,5,1,17.34,26.78,23.29,15.11,60.83,13,13.39,19.8,9.82,36.5,25,50,15,35,40,39.02,13.39,39.59,49.11,36.5
65e723db2b05f3456f8e40c3,244,244,244,,,,,463,,,,,3,,,,,2.89,,,,,2.17,,,,,25,,,,,6.5,,,,
65e723db2b05f3456f8e40c4,245,245,245,245,245,,,72,160,122,,,3,1,1,,,71.62,74.44,76.71,,,68.04,55.83,53.7,,,5,25,30,,,204.12,55.83,53.7,,
65e723db2b05f3456f8e40c5,246,246,246,246,246,246,246,470,127,397,244,219,2,2,5,5,2,64.57,1.86,14.8,25.41,70.59,38.74,1.4,11.1,21.6,60,40,25,25,15,15,77.48,2.79,55.5,107.99,120
65e723db2b05f3456f8e40c6,247,247,247,247,247,247,247,460,75,194,382,443,4,4,4,4,5,53.87,92.55,18.07,1.06,34.51,45.79,69.41,16.26,0.85,27.61,15,25,10,20,20,183.16,277.65,65.05,3.39,138.04
65e723db2b05f3456f8e40c7,248,248,248,248,,,,253,397,,,,2,3,,,,6.13,14.8,,,,5.21,11.1,,,,15,25,,,,10.42,33.3,,,
65e723db2b05f3456f8e40c8,249,249,249,249,249,249,249,172,360,178,82,231,2,3,3,2,2,74.44,75.83,94.11,52.19,57.92,59.55,64.46,84.7,42.8,34.75,20,15,10,18,40,119.1,193.37,254.1,85.59,69.5
65e723db2b05f3456f8e40c9,250,250,250,250,,,,484,465,,,,2,3,,,,71.88,6.83,,,,46.72,5.81,,,,35,15,,,,93.44,17.42,,,
65e723db2b05f3456f8e40ca,251,251,251,,,,,122,,,,,5,,,,,76.71,,,,,53.7,,,,,30,,,,,268.48,,,,
65e723db2b05f3456f8e40cb,252,252,252,252,252,252,,413,349,466,421,,1,2,1,3,,67.98,8.26,95.63,4.78,,50.98,7.02,78.42,3.82,,25,15,18,20,,50.98,14.04,78.42,11.47,
65e723db2b05f3456f8e40cc,253,253,253,253,253,253,,413,19,107,360,,5,4,4,5,,67.98,77.55,65.9,75.83,,50.98,62.04,42.84,64.46,,25,20,35,15,,254.93,248.16,171.34,322.28,
65e723db2b05f3456f8e40cd,254,254,254,254,254,254,,141,209,495,32,,5,5,5,4,,66.4,92.03,66.12,33.55,,54.45,78.23,62.81,23.48,,18,15,5,30,,272.24,391.13,314.07,93.94,
65e723db2b05f3456f8e40ce,255,255,255,255,255,255,255,119,305,368,331,262,1,5,1,5,3,98.2,40.62,8.62,62.08,97.35,88.38,34.53,7.33,52.77,77.88,10,15,15,15,20,88.38,172.63,7.33,263.84,233.64
65e723db2b05f3456f8e40cf,256,256,256,256,,,,143,439,,,,5,2,,,,41.82,75.78,,,,29.27,68.2,,,,30,10,,,,146.37,136.4,,,
65e723db2b05f3456f8e40d0,257,257,257,257,257,257,257,45,459,295,81,422,4,5,1,4,5,29.6,47.2,55.39,19.65,44.19,19.24,35.4,41.54,16.7,26.51,35,25,25,15,40,76.96,177,41.54,66.81,132.57
65e723db2b05f3456f8e40d1,258,258,258,,,,,111,,,,,4,,,,,73.88,,,,,62.8,,,,,15,,,,,251.19,,,,
65e723db2b05f3456f8e40d2,259,259,259,259,,,,176,242,,,,3,4,,,,99.09,39.88,,,,59.45,23.93,,,,40,40,,,,178.36,95.71,,,
65e723db2b05f3456f8e40d3,260,260,260,260,260,,,104,11,147,,,3,2,1,,,97.26,73.54,4.87,,,87.53,58.83,2.44,,,10,20,50,,,262.6,117.66,2.44,,
65e723db2b05f3456f8e40d4,261,261,261,261,261,261,261,147,197,251,180,347,5,2,5,1,4,4.87,67.99,58.07,68.69,3.72,2.44,47.59,49.36,61.82,2.98,50,30,15,10,20,12.18,95.19,246.8,61.82,11.9
65e723db2b05f3456f8e40d5,262,262,262,262,262,262,262,29,249,460,362,177,4,2,1,2,2,11.05,1.76,53.87,62.9,23.29,9.39,1.23,45.79,37.74,19.8,15,30,15,40,15,37.57,2.46,45.79,75.48,39.59
65e723db2b05f3456f8e40d6,263,263,263,263,263,,,16,382,55,,,1,5,4,,,3.71,1.06,85.37,,,2.97,0.85,59.76,,,20,20,30,,,2.97,4.24,239.04,,
65e723db2b05f3456f8e40d7,264,264,264,264,264,264,264,344,89,157,261,362,2,3,3,1,4,84.88,66.55,5.72,28.98,62.9,50.93,39.93,3.43,23.18,37.74,40,40,40,20,40,101.86,119.79,10.3,23.18,150.96
65e723db2b05f3456f8e40d8,265,265,265,265,265,265,265,435,174,301,444,316,5,2,4,5,5,30.3,29.09,15.35,92.97,99.75,25.76,20.36,10.74,74.38,84.79,15,30,30,20,15,128.78,40.73,42.98,371.88,423.94
65e723db2b05f3456f8e40d9,266,266,266,266,266,266,266,411,384,233,274,328,1,4,2,3,1,15.11,80.23,45.63,8.11,78.41,9.82,56.16,36.5,6.08,39.2,35,30,20,25,50,9.82,224.64,73.01,18.25,39.2
65e723db2b05f3456f8e40da,267,267,267,267,267,267,,428,221,392,116,,1,1,3,4,,82.05,52.57,26.78,62.89,,73.84,43.11,13.39,53.46,,10,18,50,15,,73.84,43.11,40.17,213.83,
65e723db2b05f3456f8e40db,268,268,268,268,268,,,30,71,289,,,1,4,4,,,9.38,38.85,5.56,,,8.44,34.97,4.45,,,10,10,20,,,8.44,139.86,17.79,,
65e723db2b05f3456f8e40dc,269,269,269,269,,,,179,188,,,,4,3,,,,22.9,36.4,,,,18.32,25.48,,,,20,30,,,,73.28,76.44,,,
65e723db2b05f3456f8e40dd,270,270,270,,,,,333,,,,,3,,,,,68.19,,,,,54.55,,,,,20,,,,,163.66,,,,
65e723db2b05f3456f8e40de,271,271,271,271,271,,,339,124,206,,,4,3,2,,,53.96,27.36,65.27,,,43.17,21.89,58.74,,,20,20,10,,,172.67,65.66,117.49,,
65e723db2b05f3456f8e40df,272,272,272,,,,,20,,,,,2,,,,,48.56,,,,,36.42,,,,,25,,,,,72.84,,,,
65e723db2b05f3456f8e40e0,273,273,273,273,,,,395,13,,,,3,2,,,,4.55,52.87,,,,4.09,34.37,,,,10,35,,,,12.29,68.73,,,
65e723db2b05f3456f8e40e1,274,274,274,274,274,,,145,337,220,,,5,5,4,,,99.17,28.36,45.28,,,84.29,21.27,27.17,,,15,25,40,,,421.47,106.35,108.67,,
65e723db2b05f3456f8e40e2,275,275,275,275,275,275,,365,61,103,403,,4,5,1,4,,4.02,29.76,16.61,51.48,,3.22,25.3,13.29,46.33,,20,15,20,10,,12.86,126.48,13.29,185.33,
65e723db2b05f3456f8e40e3,276,276,276,276,276,,,19,8,499,,,2,4,1,,,77.55,19.4,89.88,,,62.04,9.7,76.4,,,20,50,15,,,124.08,38.8,76.4,,
65e723db2b05f3456f8e40e4,277,277,277,277,277,,,453,333,427,,,1,1,4,,,5.8,68.19,61.05,,,5.22,54.55,48.84,,,10,20,20,,,5.22,54.55,195.36,,
65e723db2b05f3456f8e40e5,278,278,278,278,278,278,278,129,131,114,297,328,5,5,2,2,2,51.48,85.91,29.57,34.39,78.41,30.89,64.43,19.22,29.23,39.2,40,25,35,15,50,154.44,322.16,38.44,58.46,78.41
65e723db2b05f3456f8e40e6,279,279,279,279,279,,,122,86,356,,,2,5,1,,,76.71,85.71,0.73,,,53.7,77.14,0.47,,,30,10,35,,,107.39,385.69,0.47,,
65e723db2b05f3456f8e40e7,280,280,280,280,,,,404,376,,,,1,5,,,,97.13,99.06,,,,79.65,84.2,,,,18,15,,,,79.65,421,,,
65e723db2b05f3456f8e40e8,281,281,281,281,281,,,221,153,175,,,3,1,5,,,52.57,63.48,78.13,,,43.11,47.61,54.69,,,18,25,30,,,129.32,47.61,273.46,,
65e723db2b05f3456f8e40e9,282,282,282,,,,,342,,,,,2,,,,,83.53,,,,,71,,,,,15,,,,,142,,,,
65e723db2b05f3456f8e40ea,283,283,283,283,283,283,,342,198,409,450,,2,2,3,5,,83.53,90.05,51.68,1.19,,71,81.05,46.51,0.71,,15,10,10,40,,142,162.09,139.54,3.57,
65e723db2b05f3456f8e40eb,284,284,284,284,284,,,181,483,356,,,2,5,2,,,79.36,28.16,0.73,,,71.42,18.3,0.47,,,10,35,35,,,142.85,91.52,0.95,,
65e723db2b05f3456f8e40ec,285,285,285,285,285,285,,131,58,312,77,,5,3,5,1,,85.91,77.85,13.27,23.44,,64.43,62.28,7.96,17.58,,25,20,40,25,,322.16,186.84,39.81,17.58,
65e723db2b05f3456f8e40ed,286,286,286,286,286,,,189,91,336,,,5,1,1,,,81.86,16.54,78.51,,,57.3,8.27,62.81,,,30,50,20,,,286.51,8.27,62.81,,
65e723db2b05f3456f8e40ee,287,287,287,287,287,287,,151,152,188,401,,5,4,5,5,,12.6,4.8,36.4,10.41,,7.56,4.56,25.48,8.85,,40,5,30,15,,37.8,18.24,127.4,44.24,
65e723db2b05f3456f8e40ef,288,288,288,288,,,,479,222,,,,5,1,,,,50.78,5.33,,,,35.55,4.37,,,,30,18,,,,177.73,4.37,,,
65e723db2b05f3456f8e40f0,289,289,289,289,289,,,122,278,198,,,3,5,3,,,76.71,87.88,90.05,,,53.7,74.7,81.05,,,30,15,10,,,161.09,373.49,243.13,,
65e723db2b05f3456f8e40f1,290,290,290,290,290,290,290,196,426,100,4,297,4,2,5,1,4,82.65,30.17,87,40.51,34.39,49.59,25.64,73.95,34.43,29.23,40,15,15,15,15,198.36,51.29,369.75,34.43,116.93
65e723db2b05f3456f8e40f2,291,291,291,291,291,291,,22,25,389,46,,3,5,2,1,,63.79,84.4,84.2,76.87,,54.22,71.74,71.57,49.97,,15,15,15,35,,162.66,358.7,143.14,49.97,
65e723db2b05f3456f8e40f3,292,292,292,,,,,273,,,,,1,,,,,89.72,,,,,71.78,,,,,20,,,,,71.78,,,,
65e723db2b05f3456f8e40f4,293,293,293,293,293,293,,289,297,138,128,,5,4,4,4,,5.56,34.39,3.11,6.18,,4.45,29.23,2.49,4.33,,20,15,20,30,,22.24,116.93,9.95,17.3,
65e723db2b05f3456f8e40f5,294,294,294,294,294,294,,253,489,353,278,,3,2,3,5,,6.13,47.12,4.6,87.88,,5.21,35.34,2.76,74.7,,15,25,40,15,,15.63,70.68,8.28,373.49,
65e723db2b05f3456f8e40f6,295,295,295,295,,,,374,268,,,,3,2,,,,26.26,66.6,,,,22.32,56.61,,,,15,15,,,,66.96,113.22,,,
65e723db2b05f3456f8e40f7,296,296,296,296,296,296,296,43,458,45,59,402,2,2,1,4,2,82.48,9.33,29.6,78.08,88.35,65.98,7.93,19.24,58.56,66.26,20,15,35,25,25,131.97,15.86,19.24,234.24,132.52
65e723db2b05f3456f8e40f8,297,297,297,297,297,297,,37,435,108,350,,4,3,2,1,,9.46,30.3,31.2,30.36,,8.04,25.76,18.72,25.81,,15,15,40,15,,32.16,77.27,37.44,25.81,
65e723db2b05f3456f8e40f9,298,298,298,298,298,298,,153,230,92,271,,3,5,2,2,,63.48,36.93,71.39,77.55,,47.61,22.16,53.54,69.8,,25,40,25,10,,142.83,110.79,107.09,139.59,
65e723db2b05f3456f8e40fa,299,299,299,299,299,,,210,67,368,,,3,2,5,,,17.38,10.75,8.62,,,15.64,6.45,7.33,,,10,40,15,,,46.93,12.9,36.63,,
65e723db2b05f3456f8e40fb,300,300,300,,,,,146,,,,,2,,,,,0.95,,,,,0.71,,,,,25,,,,,1.42,,,,
65e723db2b05f3456f8e40fc,301,301,301,301,301,301,,383,138,382,85,,3,5,2,1,,85.13,3.11,1.06,16.96,,68.1,2.49,0.85,14.42,,20,20,20,15,,204.31,12.44,1.7,14.42,
65e723db2b05f3456f8e40fd,302,302,302,302,,,,178,117,,,,3,5,,,,94.11,28.08,,,,84.7,23.87,,,,10,15,,,,254.1,119.34,,,
65e723db2b05f3456f8e40fe,303,303,303,303,,,,193,224,,,,1,5,,,,66.66,23.12,,,,49.99,19.65,,,,25,15,,,,49.99,98.26,,,
65e723db2b05f3456f8e40ff,304,304,304,304,304,304,304,33,99,120,384,331,4,4,5,5,5,25.42,23.08,40.69,80.23,62.08,20.34,19.62,20.34,56.16,52.77,20,15,50,30,15,81.34,78.47,101.72,280.81,263.84
65e723db2b05f3456f8e4100,305,305,305,305,,,,480,372,,,,1,4,,,,99.56,20.43,,,,74.67,14.3,,,,25,30,,,,74.67,57.2,,,
65e723db2b05f3456f8e4101,306,306,306,306,306,306,,309,412,194,496,,1,4,4,5,,31.8,93.65,18.07,0.16,,27.03,79.6,16.26,0.12,,15,15,10,25,,27.03,318.41,65.05,0.6,
65e723db2b05f3456f8e4102,307,307,307,307,307,307,,357,489,26,244,,5,3,2,5,,13.32,47.12,32.51,25.41,,9.99,35.34,26.01,21.6,,25,25,20,15,,49.95,106.02,52.02,107.99,
65e723db2b05f3456f8e4103,308,308,308,,,,,231,,,,,4,,,,,57.92,,,,,34.75,,,,,40,,,,,139.01,,,,
65e723db2b05f3456f8e4104,309,309,309,309,309,309,,186,277,65,328,,2,3,1,4,,62.41,73.74,30.34,78.41,,56.17,58.99,18.2,39.2,,10,20,40,50,,112.34,176.98,18.2,156.82,
65e723db2b05f3456f8e4105,310,310,310,310,310,310,310,447,254,14,494,28,2,4,2,3,5,2.66,94.65,93.53,2.37,60.83,2.13,80.45,84.18,1.9,36.5,20,15,10,20,40,4.26,321.81,168.35,5.69,182.49
65e723db2b05f3456f8e4106,311,311,311,311,,,,338,442,,,,3,2,,,,95.05,93.87,,,,80.79,79.79,,,,15,15,,,,242.38,159.58,,,
65e723db2b05f3456f8e4107,312,312,312,312,312,,,28,46,283,,,1,5,3,,,60.83,76.87,11.81,,,36.5,49.97,10.04,,,40,35,15,,,36.5,249.83,30.12,,
65e723db2b05f3456f8e4108,313,313,313,313,,,,217,48,,,,4,1,,,,56.68,42.64,,,,42.51,36.24,,,,25,15,,,,170.04,36.24,,,
65e723db2b05f3456f8e4109,314,314,314,314,314,,,182,449,294,,,3,3,5,,,66.37,4.56,15.7,,,46.46,3.65,14.13,,,30,20,10,,,139.38,10.94,70.65,,
65e723db2b05f3456f8e410a,315,315,315,315,315,315,,307,301,85,387,,1,4,4,5,,50.24,15.35,16.96,22.22,,30.14,10.74,14.42,16.66,,40,30,15,25,,30.14,42.98,57.66,83.32,
65e723db2b05f3456f8e410b,316,316,316,316,316,,,248,38,69,,,1,2,4,,,85.05,1.51,24.1,,,68.04,1.36,19.28,,,20,10,20,,,68.04,2.72,77.12,,
65e723db2b05f3456f8e410c,317,317,317,317,317,317,317,477,239,14,487,404,5,2,5,4,5,44.82,36.8,93.53,48.17,97.13,38.1,25.76,84.18,39.5,79.65,15,30,10,18,18,190.49,51.52,420.89,158,398.23
65e723db2b05f3456f8e410d,318,318,318,,,,,92,,,,,2,,,,,71.39,,,,,53.54,,,,,25,,,,,107.09,,,,
65e723db2b05f3456f8e410e,319,319,319,,,,,159,,,,,3,,,,,17.99,,,,,13.49,,,,,25,,,,,40.48,,,,
65e723db2b05f3456f8e410f,320,320,320,,,,,217,,,,,4,,,,,56.68,,,,,42.51,,,,,25,,,,,170.04,,,,
65e723db2b05f3456f8e4110,321,321,321,321,321,321,,315,246,442,89,,5,1,2,5,,85.33,4.97,93.87,66.55,,72.53,4.08,79.79,39.93,,15,18,15,40,,362.65,4.08,159.58,199.65,
65e723db2b05f3456f8e4111,322,322,322,322,322,,,12,234,112,,,5,1,3,,,73.41,98.38,49.51,,,51.39,88.54,44.56,,,30,10,10,,,256.94,88.54,133.68,,
65e723db2b05f3456f8e4112,323,323,323,323,323,323,,201,263,161,318,,5,4,2,4,,57.11,23.94,98.33,56.73,,42.83,19.15,83.58,48.22,,25,20,15,15,,214.16,76.61,167.16,192.88,
65e723db2b05f3456f8e4113,324,324,324,324,324,,,456,141,324,,,2,2,3,,,82.85,66.4,40.49,,,66.28,54.45,26.32,,,20,18,35,,,132.56,108.9,78.96,,
65e723db2b05f3456f8e4114,325,325,325,,,,,117,,,,,5,,,,,28.08,,,,,23.87,,,,,15,,,,,119.34,,,,
65e723db2b05f3456f8e4115,326,326,326,326,,,,22,43,,,,3,2,,,,63.79,82.48,,,,54.22,65.98,,,,15,20,,,,162.66,131.97,,,
65e723db2b05f3456f8e4116,327,327,327,327,327,327,327,188,391,219,452,131,5,5,1,4,2,36.4,70.86,70.59,89.9,85.91,25.48,53.14,60,80.91,64.43,30,25,15,10,25,127.4,265.72,60,323.64,128.87
65e723db2b05f3456f8e4117,328,328,328,328,,,,147,464,,,,3,1,,,,4.87,93.3,,,,2.44,55.98,,,,50,40,,,,7.3,55.98,,,
65e723db2b05f3456f8e4118,329,329,329,329,,,,450,227,,,,5,3,,,,1.19,25.03,,,,0.71,22.53,,,,40,10,,,,3.57,67.58,,,
65e723db2b05f3456f8e4119,330,330,330,,,,,61,,,,,5,,,,,29.76,,,,,25.3,,,,,15,,,,,126.48,,,,
65e723db2b05f3456f8e411a,331,331,331,331,331,331,,395,101,373,7,,2,4,5,5,,4.55,87.87,65.84,34.64,,4.09,70.3,55.96,27.71,,10,20,15,20,,8.19,281.18,279.82,138.56,
65e723db2b05f3456f8e411b,332,332,332,,,,,159,,,,,1,,,,,17.99,,,,,13.49,,,,,25,,,,,13.49,,,,
65e723db2b05f3456f8e411c,333,333,333,333,333,,,149,482,289,,,4,1,3,,,97.18,16.7,5.56,,,72.89,13.36,4.45,,,25,20,20,,,291.54,13.36,13.34,,
65e723db2b05f3456f8e411d,334,334,334,334,334,334,334,68,404,177,161,143,5,5,4,2,3,32.65,97.13,23.29,98.33,41.82,24.49,79.65,19.8,83.58,29.27,25,18,15,15,30,122.44,398.23,79.19,167.16,87.82
65e723db2b05f3456f8e411e,335,335,335,335,335,335,335,10,309,245,366,114,1,4,1,1,2,7.78,31.8,17.04,25.4,29.57,7,27.03,8.52,22.86,19.22,10,15,50,10,35,7,108.12,8.52,22.86,38.44
65e723db2b05f3456f8e411f,336,336,336,336,,,,84,399,,,,2,2,,,,56.61,36.2,,,,48.12,32.58,,,,15,10,,,,96.24,65.16,,,
65e723db2b05f3456f8e4120,337,337,337,337,,,,261,478,,,,3,3,,,,28.98,93.66,,,,23.18,79.61,,,,20,15,,,,69.55,238.83,,,
65e723db2b05f3456f8e4121,338,338,338,,,,,171,,,,,2,,,,,93.95,,,,,84.56,,,,,10,,,,,169.11,,,,
65e723db2b05f3456f8e4122,339,339,339,339,339,,,171,494,450,,,2,3,5,,,93.95,2.37,1.19,,,84.56,1.9,0.71,,,10,20,40,,,169.11,5.69,3.57,,
65e723db2b05f3456f8e4123,340,340,340,340,340,,,124,303,434,,,2,2,1,,,27.36,91.09,71.41,,,21.89,74.69,57.13,,,20,18,20,,,43.78,149.39,57.13,,
65e723db2b05f3456f8e4124,341,341,341,341,,,,320,330,,,,1,1,,,,79.34,32.7,,,,55.54,24.53,,,,30,25,,,,55.54,24.53,,,
65e723db2b05f3456f8e4125,342,342,342,342,342,,,140,78,312,,,5,1,2,,,2.13,23.87,13.27,,,1.7,14.32,7.96,,,20,40,40,,,8.52,14.32,15.92,,
65e723db2b05f3456f8e4126,343,343,343,343,343,343,343,333,179,71,124,455,2,1,5,4,2,68.19,22.9,38.85,27.36,37.99,54.55,18.32,34.97,21.89,26.59,20,20,10,20,30,109.1,18.32,174.83,87.55,53.19
65e723db2b05f3456f8e4127,344,344,344,344,344,344,,162,418,338,380,,2,4,1,1,,1.67,25.51,95.05,49.9,,1.34,17.86,80.79,37.42,,20,30,15,25,,2.67,71.43,80.79,37.42,
65e723db2b05f3456f8e4128,345,345,345,345,,,,459,130,,,,5,1,,,,47.2,33.15,,,,35.4,28.18,,,,25,15,,,,177,28.18,,,
65e723db2b05f3456f8e4129,346,346,346,346,346,346,346,64,299,322,273,399,2,1,3,3,3,51.4,12.84,44.93,89.72,36.2,33.41,10.91,40.44,71.78,32.58,35,15,10,20,10,66.82,10.91,121.31,215.33,97.74
65e723db2b05f3456f8e412a,347,347,347,347,347,,,114,446,113,,,1,2,4,,,29.57,54.76,32.27,,,19.22,27.38,25.82,,,35,50,20,,,19.22,54.76,103.26,,
65e723db2b05f3456f8e412b,348,348,348,,,,,373,,,,,2,,,,,65.84,,,,,55.96,,,,,15,,,,,111.93,,,,
65e723db2b05f3456f8e412c,349,349,349,349,349,349,349,478,469,113,37,281,4,5,4,5,2,93.66,95.97,32.27,9.46,72.25,79.61,76.78,25.82,8.04,54.19,15,20,20,15,25,318.44,383.88,103.26,40.2,108.38
65e723db2b05f3456f8e412d,350,350,350,350,350,350,350,382,408,19,186,278,4,5,2,4,4,1.06,24.86,77.55,62.41,87.88,0.85,19.89,62.04,56.17,74.7,20,20,20,10,15,3.39,99.44,124.08,224.68,298.79
65e723db2b05f3456f8e412e,351,351,351,351,351,351,,226,34,280,185,,2,4,4,4,,65.16,5.34,10.47,18.9,,55.39,4.81,9.42,13.23,,15,10,10,30,,110.77,19.22,37.69,52.92,
65e723db2b05f3456f8e412f,352,352,352,,,,,256,,,,,2,,,,,33.74,,,,,27.67,,,,,18,,,,,55.33,,,,
65e723db2b05f3456f8e4130,353,353,353,,,,,465,,,,,5,,,,,6.83,,,,,5.81,,,,,15,,,,,29.03,,,,
65e723db2b05f3456f8e4131,354,354,354,,,,,9,,,,,4,,,,,90.45,,,,,81.41,,,,,10,,,,,325.62,,,,
65e723db2b05f3456f8e4132,355,355,355,355,355,355,,300,18,468,1,,5,4,2,2,,53.11,69.85,73.12,36.95,,39.83,59.37,62.15,18.48,,25,15,15,50,,199.16,237.49,124.3,36.95,
65e723db2b05f3456f8e4133,356,356,356,356,,,,476,346,,,,1,1,,,,5.63,60.81,,,,3.38,48.65,,,,40,20,,,,3.38,48.65,,,
65e723db2b05f3456f8e4134,357,357,357,357,357,,,489,187,50,,,4,4,3,,,47.12,54.09,99.78,,,35.34,43.27,94.79,,,25,20,5,,,141.36,173.09,284.37,,
65e723db2b05f3456f8e4135,358,358,358,,,,,294,,,,,3,,,,,15.7,,,,,14.13,,,,,10,,,,,42.39,,,,
65e723db2b05f3456f8e4136,359,359,359,359,359,,,234,343,253,,,3,1,1,,,98.38,83.09,6.13,,,88.54,66.47,5.21,,,10,20,15,,,265.63,66.47,5.21,,
65e723db2b05f3456f8e4137,360,360,360,360,360,360,,275,132,330,191,,5,3,5,5,,64.61,1.66,32.7,60.57,,58.15,1.33,24.53,57.54,,10,20,25,5,,290.75,3.98,122.63,287.71,
65e723db2b05f3456f8e4138,361,361,361,,,,,469,,,,,2,,,,,95.97,,,,,76.78,,,,,20,,,,,153.55,,,,
65e723db2b05f3456f8e4139,362,362,362,362,,,,326,371,,,,4,5,,,,94.61,40.24,,,,85.15,24.14,,,,10,40,,,,340.6,120.72,,,
65e723db2b05f3456f8e413a,363,363,363,363,363,363,,128,424,88,188,,3,2,4,4,,6.18,23.48,31.34,36.4,,4.33,16.44,18.8,25.48,,30,30,40,30,,12.98,32.87,75.22,101.92,
65e723db2b05f3456f8e413b,364,364,364,364,364,364,,457,171,342,123,,5,3,1,4,,78.63,93.95,83.53,25.14,,62.9,84.56,71,15.08,,20,10,15,40,,314.52,253.67,71,60.34,
65e723db2b05f3456f8e413c,365,365,365,365,,,,53,247,,,,1,1,,,,33.05,36.88,,,,19.83,29.5,,,,40,20,,,,19.83,29.5,,,
65e723db2b05f3456f8e413d,366,366,366,366,366,,,46,377,49,,,5,2,2,,,76.87,79.91,47.1,,,49.97,63.93,38.62,,,35,20,18,,,249.83,127.86,77.24,,
65e723db2b05f3456f8e413e,367,367,367,367,367,367,,322,314,55,341,,2,3,3,2,,44.93,1.11,85.37,95,,40.44,0.78,59.76,77.9,,10,30,30,18,,80.87,2.33,179.28,155.8,
65e723db2b05f3456f8e413f,368,368,368,368,368,368,368,412,307,450,44,385,3,2,4,3,4,93.65,50.24,1.19,61.17,21.89,79.6,30.14,0.71,55.05,19.7,15,40,40,10,10,238.81,60.29,2.86,165.16,78.8
65e723db2b05f3456f8e4140,369,369,369,369,369,,,345,46,420,,,5,1,4,,,75.15,76.87,77.48,,,56.36,49.97,61.98,,,25,35,20,,,281.81,49.97,247.94,,
65e723db2b05f3456f8e4141,370,370,370,370,370,,,147,21,412,,,3,1,4,,,4.87,83.7,93.65,,,2.44,54.41,79.6,,,50,35,15,,,7.3,54.41,318.41,,
65e723db2b05f3456f8e4142,371,371,371,,,,,213,,,,,3,,,,,3.18,,,,,2.86,,,,,10,,,,,8.59,,,,
65e723db2b05f3456f8e4143,372,372,372,372,372,372,,260,344,185,207,,4,4,3,5,,79.12,84.88,18.9,3.25,,59.34,50.93,13.23,2.76,,25,40,30,15,,237.36,203.71,39.69,13.81,
65e723db2b05f3456f8e4144,373,373,373,373,,,,113,129,,,,1,4,,,,32.27,51.48,,,,25.82,30.89,,,,20,40,,,,25.82,123.55,,,
65e723db2b05f3456f8e4145,374,374,374,374,,,,63,133,,,,5,4,,,,84.12,53.16,,,,79.91,34.55,,,,5,35,,,,399.57,138.22,,,
65e723db2b05f3456f8e4146,375,375,375,,,,,497,,,,,4,,,,,95.33,,,,,81.03,,,,,15,,,,,324.12,,,,
65e723db2b05f3456f8e4147,376,376,376,376,376,376,376,189,455,243,431,423,4,3,1,3,1,81.86,37.99,42.93,7.21,63.25,57.3,26.59,25.76,3.6,60.09,30,30,40,50,5,229.21,79.78,25.76,10.81,60.09
65e723db2b05f3456f8e4148,377,377,377,377,377,377,,297,306,315,194,,1,4,5,1,,34.39,61.41,85.33,18.07,,29.23,46.06,72.53,16.26,,15,25,15,10,,29.23,184.23,362.65,16.26,
65e723db2b05f3456f8e4149,378,378,378,378,378,378,,94,137,317,27,,5,4,5,1,,99.35,15.63,49.42,80.71,,84.45,12.82,34.59,72.64,,15,18,30,10,,422.24,51.27,172.97,72.64,
65e723db2b05f3456f8e414a,379,379,379,379,379,379,379,4,270,215,178,190,5,1,1,1,5,40.51,80.75,94.43,94.11,70.35,34.43,66.22,70.82,84.7,59.8,15,18,25,10,15,172.17,66.22,70.82,84.7,298.99
65e723db2b05f3456f8e414b,380,380,380,380,380,380,,27,306,248,166,,3,3,3,3,,80.71,61.41,85.05,31.7,,72.64,46.06,68.04,25.36,,10,25,20,20,,217.92,138.17,204.12,76.08,
65e723db2b05f3456f8e414c,381,381,381,381,,,,105,169,,,,5,5,,,,40.18,7.38,,,,34.15,5.54,,,,15,25,,,,170.76,27.68,,,
65e723db2b05f3456f8e414d,382,382,382,,,,,223,,,,,2,,,,,97.05,,,,,48.52,,,,,50,,,,,97.05,,,,
65e723db2b05f3456f8e414e,383,383,383,,,,,108,,,,,2,,,,,31.2,,,,,18.72,,,,,40,,,,,37.44,,,,
65e723db2b05f3456f8e414f,384,384,384,,,,,395,,,,,3,,,,,4.55,,,,,4.09,,,,,10,,,,,12.29,,,,
65e723db2b05f3456f8e4150,385,385,385,,,,,406,,,,,5,,,,,52.01,,,,,44.21,,,,,15,,,,,221.04,,,,
65e723db2b05f3456f8e4151,386,386,386,386,386,386,,4,341,173,415,,2,1,4,1,,40.51,95,68.26,6.19,,34.43,77.9,64.85,5.57,,15,18,5,10,,68.87,77.9,259.39,5.57,
65e723db2b05f3456f8e4152,387,387,387,387,387,387,387,225,150,222,455,301,5,5,3,4,1,61.38,28.94,5.33,37.99,15.35,55.24,24.6,4.37,26.59,10.74,10,15,18,30,30,276.21,123,13.11,106.37,10.74
65e723db2b05f3456f8e4153,388,388,388,388,388,,,81,6,333,,,3,2,1,,,19.65,27.79,68.19,,,16.7,22.23,54.55,,,15,20,20,,,50.11,44.46,54.55,,
65e723db2b05f3456f8e4154,389,389,389,389,,,,9,437,,,,2,1,,,,90.45,18.89,,,,81.41,16.06,,,,10,15,,,,162.81,16.06,,,
65e723db2b05f3456f8e4155,390,390,390,,,,,424,,,,,1,,,,,23.48,,,,,16.44,,,,,30,,,,,16.44,,,,
65e723db2b05f3456f8e4156,391,391,391,391,391,391,,242,392,84,53,,1,1,2,5,,39.88,26.78,56.61,33.05,,23.93,13.39,48.12,19.83,,40,50,15,40,,23.93,13.39,96.24,99.15,
65e723db2b05f3456f8e4157,392,392,392,,,,,381,,,,,2,,,,,80.89,,,,,52.58,,,,,35,,,,,105.16,,,,
65e723db2b05f3456f8e4158,393,393,393,393,393,,,118,25,210,,,1,1,5,,,32.73,84.4,17.38,,,19.64,71.74,15.64,,,40,15,10,,,19.64,71.74,78.21,,
65e723db2b05f3456f8e4159,394,394,394,394,394,,,64,382,217,,,4,4,3,,,51.4,1.06,56.68,,,33.41,0.85,42.51,,,35,20,25,,,133.64,3.39,127.53,,
65e723db2b05f3456f8e415a,395,395,395,395,395,,,310,334,73,,,3,1,1,,,77.2,91.26,87.17,,,38.6,73.01,74.09,,,50,20,15,,,115.8,73.01,74.09,,
65e723db2b05f3456f8e415b,396,396,396,396,396,,,236,405,327,,,2,4,5,,,35.85,37.45,93.73,,,25.09,30.71,70.3,,,30,18,25,,,50.19,122.84,351.49,,
65e723db2b05f3456f8e415c,397,397,397,397,,,,112,218,,,,2,2,,,,49.51,66.5,,,,44.56,33.25,,,,10,50,,,,89.12,66.5,,,
65e723db2b05f3456f8e415d,398,398,398,,,,,223,,,,,1,,,,,97.05,,,,,48.52,,,,,50,,,,,48.52,,,,
65e723db2b05f3456f8e415e,399,399,399,399,399,,,342,112,230,,,4,3,4,,,83.53,49.51,36.93,,,71,44.56,22.16,,,15,10,40,,,284,133.68,88.63,,
65e723db2b05f3456f8e415f,400,400,400,400,400,,,404,98,276,,,5,3,2,,,97.13,31.56,38.63,,,79.65,23.67,27.04,,,18,25,30,,,398.23,71.01,54.08,,
65e723db2b05f3456f8e4160,401,401,401,,,,,101,,,,,1,,,,,87.87,,,,,70.3,,,,,20,,,,,70.3,,,,
65e723db2b05f3456f8e4161,402,402,402,,,,,386,,,,,3,,,,,23.21,,,,,19.73,,,,,15,,,,,59.19,,,,
65e723db2b05f3456f8e4162,403,403,403,,,,,334,,,,,5,,,,,91.26,,,,,73.01,,,,,20,,,,,365.04,,,,
65e723db2b05f3456f8e4163,404,404,404,404,404,404,,443,306,296,116,,5,3,2,5,,34.51,61.41,55.58,62.89,,27.61,46.06,38.91,53.46,,20,25,30,15,,138.04,138.17,77.81,267.28,
65e723db2b05f3456f8e4164,405,405,405,405,405,405,,382,47,436,462,,4,5,3,5,,1.06,11.3,99.41,87.04,,0.85,9.61,89.47,69.63,,20,15,10,20,,3.39,48.03,268.41,348.16,
65e723db2b05f3456f8e4165,406,406,406,406,406,406,,249,43,126,428,,1,4,3,3,,1.76,82.48,81.47,82.05,,1.23,65.98,69.25,73.84,,30,20,15,10,,1.23,263.94,207.75,221.53,
65e723db2b05f3456f8e4166,407,407,407,407,407,407,407,427,72,180,247,127,5,5,2,3,5,61.05,71.62,68.69,36.88,1.86,48.84,68.04,61.82,29.5,1.4,20,5,10,20,25,244.2,340.19,123.64,88.51,6.97
65e723db2b05f3456f8e4167,408,408,408,,,,,440,,,,,3,,,,,31.92,,,,,25.54,,,,,20,,,,,76.61,,,,
65e723db2b05f3456f8e4168,409,409,409,409,409,409,,32,390,108,70,,1,4,5,1,,33.55,5.32,31.2,62.34,,23.48,3.99,18.72,52.99,,30,25,40,15,,23.48,15.96,93.6,52.99,
65e723db2b05f3456f8e4169,410,410,410,410,,,,42,278,,,,2,4,,,,15.23,87.88,,,,9.14,74.7,,,,40,15,,,,18.28,298.79,,,
65e723db2b05f3456f8e416a,411,411,411,411,411,411,411,486,76,339,220,359,3,1,4,4,4,24.68,39.38,53.96,45.28,65.17,20.98,27.57,43.17,27.17,48.88,15,30,20,40,25,62.93,27.57,172.67,108.67,195.51
65e723db2b05f3456f8e416b,412,412,412,412,412,,,478,163,230,,,3,3,4,,,93.66,26.29,36.93,,,79.61,18.4,22.16,,,15,30,40,,,238.83,55.21,88.63,,
65e723db2b05f3456f8e416c,413,413,413,413,413,413,413,405,263,86,271,65,5,3,1,1,1,37.45,23.94,85.71,77.55,30.34,30.71,19.15,77.14,69.8,18.2,18,20,10,10,40,153.55,57.46,77.14,69.8,18.2
65e723db2b05f3456f8e416d,414,414,414,414,414,,,104,161,21,,,4,3,4,,,97.26,98.33,83.7,,,87.53,83.58,54.41,,,10,15,35,,,350.14,250.74,217.62,,
65e723db2b05f3456f8e416e,415,415,415,415,415,415,415,32,374,34,160,81,5,4,2,5,4,33.55,26.26,5.34,74.44,19.65,23.48,22.32,4.81,55.83,16.7,30,15,10,25,15,117.42,89.28,9.61,279.15,66.81
65e723db2b05f3456f8e416f,416,416,416,416,416,,,84,473,324,,,1,2,3,,,56.61,10.36,40.49,,,48.12,8.29,26.32,,,15,20,35,,,48.12,16.58,78.96,,
65e723db2b05f3456f8e4170,417,417,417,417,417,417,,301,168,107,360,,4,3,3,2,,15.35,67.57,65.9,75.83,,10.74,57.43,42.84,64.46,,30,15,35,15,,42.98,172.3,128.51,128.91,
65e723db2b05f3456f8e4171,418,418,418,418,418,418,418,486,492,406,245,432,3,2,1,4,1,24.68,15.68,52.01,17.04,68.79,20.98,12.54,44.21,8.52,34.4,15,20,15,50,50,62.93,25.09,44.21,34.08,34.4
65e723db2b05f3456f8e4172,419,419,419,419,419,419,,212,69,231,327,,3,5,2,4,,36.31,24.1,57.92,93.73,,29.05,19.28,34.75,70.3,,20,20,40,25,,87.14,96.4,69.5,281.19,
65e723db2b05f3456f8e4173,420,420,420,420,420,,,358,370,463,,,1,3,2,,,60.16,49.2,2.89,,,49.33,24.6,2.17,,,18,50,25,,,49.33,73.8,4.33,,
65e723db2b05f3456f8e4174,421,421,421,421,421,,,224,340,337,,,2,1,1,,,23.12,20.58,28.36,,,19.65,18.52,21.27,,,15,10,25,,,39.3,18.52,21.27,,
65e723db2b05f3456f8e4175,422,422,422,422,422,,,101,311,124,,,2,5,1,,,87.87,79.98,27.36,,,70.3,63.98,21.89,,,20,20,20,,,140.59,319.92,21.89,,
65e723db2b05f3456f8e4176,423,423,423,423,423,423,,123,329,421,426,,4,5,5,5,,25.14,63.51,4.78,30.17,,15.08,50.81,3.82,25.64,,40,20,20,15,,60.34,254.04,19.12,128.22,
65e723db2b05f3456f8e4177,424,424,424,,,,,282,,,,,2,,,,,69.08,,,,,55.26,,,,,20,,,,,110.53,,,,
65e723db2b05f3456f8e4178,425,425,425,425,425,425,425,458,283,417,449,164,4,2,5,3,4,9.33,11.81,10.59,4.56,22.11,7.93,10.04,9,3.65,11.05,15,15,15,20,50,31.72,20.08,45.01,10.94,44.22
65e723db2b05f3456f8e4179,426,426,426,426,426,,,23,99,431,,,2,4,3,,,27.02,23.08,7.21,,,18.91,19.62,3.6,,,30,15,50,,,37.83,78.47,10.81,,
65e723db2b05f3456f8e417a,427,427,427,427,427,427,427,389,162,249,368,219,5,4,1,1,5,84.2,1.67,1.76,8.62,70.59,71.57,1.34,1.23,7.33,60,15,20,30,15,15,357.85,5.34,1.23,7.33,300.01
65e723db2b05f3456f8e417b,428,428,428,428,428,,,179,174,335,,,2,1,1,,,22.9,29.09,47.95,,,18.32,20.36,31.17,,,20,30,35,,,36.64,20.36,31.17,,
65e723db2b05f3456f8e417c,429,429,429,429,429,429,429,250,145,321,220,406,3,5,5,1,5,11.02,99.17,11.42,45.28,52.01,8.82,84.29,9.14,27.17,44.21,20,15,20,40,15,26.45,421.47,45.68,27.17,221.04
65e723db2b05f3456f8e417d,430,430,430,430,430,430,430,136,253,378,288,288,2,4,5,4,5,70.12,6.13,22.8,83.05,83.05,52.59,5.21,19.38,78.9,78.9,25,15,15,5,5,105.18,20.84,96.9,315.59,394.49
65e723db2b05f3456f8e417e,431,431,431,431,,,,242,148,,,,5,3,,,,39.88,62.9,,,,23.93,50.32,,,,40,20,,,,119.64,150.96,,,
65e723db2b05f3456f8e417f,432,432,432,432,432,432,,192,64,314,475,,4,1,3,5,,33.49,51.4,1.11,83.4,,30.14,33.41,0.78,68.39,,10,35,30,18,,120.56,33.41,2.33,341.94,
65e723db2b05f3456f8e4180,433,433,433,433,433,,,339,26,323,,,3,3,3,,,53.96,32.51,43.63,,,43.17,26.01,37.09,,,20,20,15,,,129.5,78.02,111.26,,
65e723db2b05f3456f8e4181,434,434,434,434,,,,162,78,,,,3,1,,,,1.67,23.87,,,,1.34,14.32,,,,20,40,,,,4.01,14.32,,,
65e723db2b05f3456f8e4182,435,435,435,435,,,,265,116,,,,4,3,,,,28.71,62.89,,,,21.53,53.46,,,,25,15,,,,86.13,160.37,,,
65e723db2b05f3456f8e4183,436,436,436,,,,,161,,,,,3,,,,,98.33,,,,,83.58,,,,,15,,,,,250.74,,,,
65e723db2b05f3456f8e4184,437,437,437,,,,,340,,,,,3,,,,,20.58,,,,,18.52,,,,,10,,,,,55.57,,,,
65e723db2b05f3456f8e4185,438,438,438,438,438,,,460,52,167,,,2,3,3,,,53.87,23.05,98.52,,,45.79,18.44,68.96,,,15,20,30,,,91.58,55.32,206.89,,
65e723db2b05f3456f8e4186,439,439,439,,,,,494,,,,,4,,,,,2.37,,,,,1.9,,,,,20,,,,,7.58,,,,
65e723db2b05f3456f8e4187,440,440,440,440,440,440,,367,202,271,251,,3,2,3,3,,60.97,38.57,77.55,58.07,,48.78,32.78,69.8,49.36,,20,15,10,15,,146.33,65.57,209.38,148.08,
65e723db2b05f3456f8e4188,441,441,441,441,441,441,,336,83,300,214,,5,3,3,4,,78.51,17.34,53.11,26.62,,62.81,13,39.83,23.96,,20,25,25,10,,314.04,39.02,119.5,95.83,
65e723db2b05f3456f8e4189,442,442,442,442,442,,,233,444,75,,,2,2,1,,,45.63,92.97,92.55,,,36.5,74.38,69.41,,,20,20,25,,,73.01,148.75,69.41,,
65e723db2b05f3456f8e418a,443,443,443,443,443,,,418,212,9,,,1,4,3,,,25.51,36.31,90.45,,,17.86,29.05,81.41,,,30,20,10,,,17.86,116.19,244.22,,
65e723db2b05f3456f8e418b,444,444,444,444,444,444,,16,371,473,22,,3,2,4,4,,3.71,40.24,10.36,63.79,,2.97,24.14,8.29,54.22,,20,40,20,15,,8.9,48.29,33.15,216.89,
65e723db2b05f3456f8e418c,445,445,445,445,445,445,445,160,207,48,494,222,4,1,5,1,2,74.44,3.25,42.64,2.37,5.33,55.83,2.76,36.24,1.9,4.37,25,15,15,20,18,223.32,2.76,181.22,1.9,8.74
65e723db2b05f3456f8e418d,446,446,446,446,446,446,,428,246,7,481,,1,1,5,1,,82.05,4.97,34.64,40.43,,73.84,4.08,27.71,28.3,,10,18,20,30,,73.84,4.08,138.56,28.3,
65e723db2b05f3456f8e418e,447,447,447,,,,,440,,,,,4,,,,,31.92,,,,,25.54,,,,,20,,,,,102.14,,,,
65e723db2b05f3456f8e418f,448,448,448,,,,,152,,,,,1,,,,,4.8,,,,,4.56,,,,,5,,,,,4.56,,,,
65e723db2b05f3456f8e4190,449,449,449,449,449,449,449,400,228,211,478,119,2,1,2,5,4,68.24,11.77,11.58,93.66,98.2,47.77,9.42,8.11,79.61,88.38,30,20,30,15,10,95.54,9.42,16.21,398.05,353.52
65e723db2b05f3456f8e4191,450,450,450,450,450,450,,59,362,63,356,,2,5,2,1,,78.08,62.9,84.12,0.73,,58.56,37.74,79.91,0.47,,25,40,5,35,,117.12,188.7,159.83,0.47,
65e723db2b05f3456f8e4192,451,451,451,451,,,,145,377,,,,2,2,,,,99.17,79.91,,,,84.29,63.93,,,,15,20,,,,168.59,127.86,,,
65e723db2b05f3456f8e4193,452,452,452,452,452,452,,455,498,416,145,,5,2,2,2,,37.99,93.24,11.99,99.17,,26.59,74.59,9.59,84.29,,30,20,20,15,,132.97,149.18,19.18,168.59,
65e723db2b05f3456f8e4194,453,453,453,453,,,,300,241,,,,3,3,,,,53.11,23,,,,39.83,18.4,,,,25,20,,,,119.5,55.2,,,
65e723db2b05f3456f8e4195,454,454,454,454,454,454,,133,108,243,312,,5,2,5,3,,53.16,31.2,42.93,13.27,,34.55,18.72,25.76,7.96,,35,40,40,40,,172.77,37.44,128.79,23.89,
65e723db2b05f3456f8e4196,455,455,455,455,455,455,455,446,440,301,256,146,4,2,3,5,2,54.76,31.92,15.35,33.74,0.95,27.38,25.54,10.74,27.67,0.71,50,20,30,18,25,109.52,51.07,32.23,138.33,1.42
65e723db2b05f3456f8e4197,456,456,456,456,456,456,456,200,484,191,206,110,1,3,4,2,1,52.28,71.88,60.57,65.27,36.02,44.44,46.72,57.54,58.74,30.62,15,35,5,10,15,44.44,140.17,230.17,117.49,30.62
65e723db2b05f3456f8e4198,457,457,457,,,,,29,,,,,3,,,,,11.05,,,,,9.39,,,,,15,,,,,28.18,,,,
65e723db2b05f3456f8e4199,458,458,458,,,,,427,,,,,4,,,,,61.05,,,,,48.84,,,,,20,,,,,195.36,,,,
65e723db2b05f3456f8e419a,459,459,459,459,459,459,,61,474,173,331,,2,1,5,3,,29.76,83.07,68.26,62.08,,25.3,49.84,64.85,52.77,,15,40,5,15,,50.59,49.84,324.24,158.3,
65e723db2b05f3456f8e419b,460,460,460,460,460,460,460,408,119,235,318,262,5,5,5,4,5,24.86,98.2,78.03,56.73,97.35,19.89,88.38,50.72,48.22,77.88,20,10,35,15,20,99.44,441.9,253.6,192.88,389.4
65e723db2b05f3456f8e419c,461,461,461,461,461,,,135,48,393,,,3,5,4,,,74.73,42.64,10.05,,,37.37,36.24,8.04,,,50,15,20,,,112.09,181.22,32.16,,
65e723db2b05f3456f8e419d,462,462,462,462,,,,18,291,,,,4,2,,,,69.85,43.71,,,,59.37,30.6,,,,15,30,,,,237.49,61.19,,,
65e723db2b05f3456f8e419e,463,463,463,463,463,,,313,422,423,,,5,4,3,,,25.1,44.19,63.25,,,22.59,26.51,60.09,,,10,40,5,,,112.95,106.06,180.26,,
65e723db2b05f3456f8e419f,464,464,464,464,464,,,187,1,232,,,5,3,2,,,54.09,36.95,80.3,,,43.27,18.48,76.28,,,20,50,5,,,216.36,55.43,152.57,,
65e723db2b05f3456f8e41a0,465,465,465,465,465,,,179,233,230,,,4,1,4,,,22.9,45.63,36.93,,,18.32,36.5,22.16,,,20,20,40,,,73.28,36.5,88.63,,
65e723db2b05f3456f8e41a1,466,466,466,,,,,131,,,,,4,,,,,85.91,,,,,64.43,,,,,25,,,,,257.73,,,,
65e723db2b05f3456f8e41a2,467,467,467,467,467,,,197,405,409,,,4,4,2,,,67.99,37.45,51.68,,,47.59,30.71,46.51,,,30,18,10,,,190.37,122.84,93.02,,
65e723db2b05f3456f8e41a3,468,468,468,468,468,,,417,341,335,,,4,3,2,,,10.59,95,47.95,,,9,77.9,31.17,,,15,18,35,,,36.01,233.7,62.34,,
65e723db2b05f3456f8e41a4,469,469,469,469,469,469,,375,137,492,396,,4,5,1,5,,64.8,15.63,15.68,96.54,,58.32,12.82,12.54,72.41,,10,18,20,25,,233.28,64.08,12.54,362.02,
65e723db2b05f3456f8e41a5,470,470,470,,,,,330,,,,,4,,,,,32.7,,,,,24.53,,,,,25,,,,,98.1,,,,
65e723db2b05f3456f8e41a6,471,471,471,,,,,176,,,,,3,,,,,99.09,,,,,59.45,,,,,40,,,,,178.36,,,,
65e723db2b05f3456f8e41a7,472,472,472,472,472,,,111,417,173,,,5,3,2,,,73.88,10.59,68.26,,,62.8,9,64.85,,,15,15,5,,,313.99,27,129.69,,
65e723db2b05f3456f8e41a8,473,473,473,473,473,473,,468,196,312,176,,1,5,2,4,,73.12,82.65,13.27,99.09,,62.15,49.59,7.96,59.45,,15,40,40,40,,62.15,247.95,15.92,237.82,
65e723db2b05f3456f8e41a9,474,474,474,474,474,,,27,325,173,,,5,3,1,,,80.71,20.02,68.26,,,72.64,10.01,64.85,,,10,50,5,,,363.19,30.03,64.85,,
65e723db2b05f3456f8e41aa,475,475,475,475,475,475,475,276,138,476,109,171,5,5,3,4,4,38.63,3.11,5.63,4.87,93.95,27.04,2.49,3.38,4.38,84.56,30,20,40,10,10,135.21,12.44,10.13,17.53,338.22
65e723db2b05f3456f8e41ab,476,476,476,476,476,,,343,230,353,,,4,3,5,,,83.09,36.93,4.6,,,66.47,22.16,2.76,,,20,40,40,,,265.89,66.47,13.8,,
65e723db2b05f3456f8e41ac,477,477,477,477,,,,314,213,,,,3,3,,,,1.11,3.18,,,,0.78,2.86,,,,30,10,,,,2.33,8.59,,,
65e723db2b05f3456f8e41ad,478,478,478,478,478,478,,269,259,411,438,,2,5,2,5,,42.67,81.82,15.11,73.6,,25.6,67.09,9.82,51.52,,40,18,35,30,,51.2,335.46,19.64,257.6,
65e723db2b05f3456f8e41ae,479,479,479,479,479,,,134,431,329,,,4,5,4,,,68.35,7.21,63.51,,,51.26,3.6,50.81,,,25,50,20,,,205.05,18.02,203.23,,
65e723db2b05f3456f8e41af,480,480,480,480,480,480,480,289,206,295,378,139,3,4,1,1,1,5.56,65.27,55.39,22.8,24.53,4.45,58.74,41.54,19.38,20.85,20,10,25,15,15,13.34,234.97,41.54,19.38,20.85
65e723db2b05f3456f8e41b0,481,481,481,481,481,,,32,171,280,,,1,4,5,,,33.55,93.95,10.47,,,23.48,84.56,9.42,,,30,10,10,,,23.48,338.22,47.12,,
65e723db2b05f3456f8e41b1,482,482,482,482,482,,,60,443,92,,,2,4,4,,,18.7,34.51,71.39,,,13.09,27.61,53.54,,,30,20,25,,,26.18,110.43,214.17,,
65e723db2b05f3456f8e41b2,483,483,483,483,483,483,,448,441,86,45,,4,5,2,1,,49.52,85.91,85.71,29.6,,34.66,60.14,77.14,19.24,,30,30,10,35,,138.66,300.69,154.28,19.24,
65e723db2b05f3456f8e41b3,484,484,484,484,484,484,484,348,348,402,111,224,2,5,1,3,2,92.79,92.79,88.35,73.88,23.12,78.87,78.87,66.26,62.8,19.65,15,15,25,15,15,157.74,394.36,66.26,188.39,39.3
65e723db2b05f3456f8e41b4,485,485,485,485,,,,137,109,,,,5,2,,,,15.63,4.87,,,,12.82,4.38,,,,18,10,,,,64.08,8.77,,,
65e723db2b05f3456f8e41b5,486,486,486,486,486,486,486,302,239,468,65,347,5,1,3,5,3,4.48,36.8,73.12,30.34,3.72,3.36,25.76,62.15,18.2,2.98,25,30,15,40,20,16.8,25.76,186.46,91.02,8.93
65e723db2b05f3456f8e41b6,487,487,487,487,487,487,,37,274,107,257,,3,5,2,4,,9.46,8.11,65.9,32.1,,8.04,6.08,42.84,27.29,,15,25,35,15,,24.12,30.41,85.67,109.14,
65e723db2b05f3456f8e41b7,488,488,488,,,,,259,,,,,2,,,,,81.82,,,,,67.09,,,,,18,,,,,134.18,,,,
65e723db2b05f3456f8e41b8,489,489,489,489,489,489,,401,178,111,321,,4,4,2,3,,10.41,94.11,73.88,11.42,,8.85,84.7,62.8,9.14,,15,10,15,20,,35.39,338.8,125.6,27.41,
65e723db2b05f3456f8e41b9,490,490,490,490,490,,,261,384,284,,,1,1,1,,,28.98,80.23,92.56,,,23.18,56.16,69.42,,,20,30,25,,,23.18,56.16,69.42,,
65e723db2b05f3456f8e41ba,491,491,491,491,491,,,61,410,434,,,3,3,4,,,29.76,78.5,71.41,,,25.3,64.37,57.13,,,15,18,20,,,75.89,193.11,228.51,,
65e723db2b05f3456f8e41bb,492,492,492,,,,,338,,,,,4,,,,,95.05,,,,,80.79,,,,,15,,,,,323.17,,,,
65e723db2b05f3456f8e41bc,493,493,493,493,493,,,260,166,163,,,2,3,5,,,79.12,31.7,26.29,,,59.34,25.36,18.4,,,25,20,30,,,118.68,76.08,92.01,,
65e723db2b05f3456f8e41bd,494,494,494,494,494,,,363,488,216,,,2,5,5,,,97.28,18.7,87.25,,,87.55,9.35,74.16,,,10,50,15,,,175.1,46.75,370.81,,
65e723db2b05f3456f8e41be,495,495,495,495,495,495,495,44,484,393,206,121,4,1,4,2,1,61.17,71.88,10.05,65.27,33.49,55.05,46.72,8.04,58.74,30.14,10,35,20,10,10,220.21,46.72,32.16,117.49,30.14
65e723db2b05f3456f8e41bf,496,496,496,496,496,496,496,314,345,94,146,247,3,3,1,3,4,1.11,75.15,99.35,0.95,36.88,0.78,56.36,84.45,0.71,29.5,30,25,15,25,20,2.33,169.09,84.45,2.14,118.02
65e723db2b05f3456f8e41c0,497,497,497,497,,,,425,184,,,,2,3,,,,70.98,42.34,,,,42.59,38.11,,,,40,10,,,,85.18,114.32,,,
65e723db2b05f3456f8e41c1,498,498,498,498,,,,385,330,,,,1,2,,,,21.89,32.7,,,,19.7,24.53,,,,10,25,,,,19.7,49.05,,,
65e723db2b05f3456f8e41c2,499,499,499,499,,,,29,391,,,,2,4,,,,11.05,70.86,,,,9.39,53.14,,,,15,25,,,,18.79,212.58,,,
65e723db2b05f3456f8e41c3,500,500,500,500,500,500,,459,168,101,227,,3,2,5,3,,47.2,67.57,87.87,25.03,,35.4,57.43,70.3,22.53,,25,15,20,10,,106.2,114.87,351.48,67.58,
